year,state,obesity,fruit,veg,income,location,income level
2011,Alabama,38.5,51.8,35.5,"Less than $15,000","(32.84057112200048, -86.63186076199969)",1
2011,Alabama,34.8,43.9,27.7,"$15,000 - $24,999","(32.84057112200048, -86.63186076199969)",2
2011,Alabama,35.8,45.5,29.4,"$25,000 - $34,999","(32.84057112200048, -86.63186076199969)",3
2011,Alabama,32.3,40.1,19.7,"$35,000 - $49,999","(32.84057112200048, -86.63186076199969)",4
2011,Alabama,34.1,41.8,19.9,"$50,000 - $74,999","(32.84057112200048, -86.63186076199969)",5
2011,Alabama,28.8,39.7,14,"$75,000 or greater","(32.84057112200048, -86.63186076199969)",6
2013,Alabama,37.2,49.3,36.3,"Less than $15,000","(32.84057112200048, -86.63186076199969)",1
2013,Alabama,36.6,50.4,36.1,"$15,000 - $24,999","(32.84057112200048, -86.63186076199969)",2
2013,Alabama,33.1,46.3,25.7,"$25,000 - $34,999","(32.84057112200048, -86.63186076199969)",3
2013,Alabama,31.1,44.8,22.1,"$35,000 - $49,999","(32.84057112200048, -86.63186076199969)",4
2013,Alabama,35.8,45.1,17.1,"$50,000 - $74,999","(32.84057112200048, -86.63186076199969)",5
2013,Alabama,26.9,41.9,15.9,"$75,000 or greater","(32.84057112200048, -86.63186076199969)",6
2015,Alabama,40.5,52.2,40.9,"Less than $15,000","(32.84057112200048, -86.63186076199969)",1
2015,Alabama,39.3,50.3,34.2,"$15,000 - $24,999","(32.84057112200048, -86.63186076199969)",2
2015,Alabama,38.8,53.6,30.5,"$25,000 - $34,999","(32.84057112200048, -86.63186076199969)",3
2015,Alabama,36.5,45.1,25.2,"$35,000 - $49,999","(32.84057112200048, -86.63186076199969)",4
2015,Alabama,34.6,45.1,18.7,"$50,000 - $74,999","(32.84057112200048, -86.63186076199969)",5
2015,Alabama,32.7,44.7,18.8,"$75,000 or greater","(32.84057112200048, -86.63186076199969)",6
2011,Alaska,33.6,46.5,35,"Less than $15,000","(64.84507995700051, -147.72205903599973)",1
2011,Alaska,30.2,44.6,26.1,"$15,000 - $24,999","(64.84507995700051, -147.72205903599973)",2
2011,Alaska,32.2,45.6,24.4,"$25,000 - $34,999","(64.84507995700051, -147.72205903599973)",3
2011,Alaska,24.5,37.2,19.4,"$35,000 - $49,999","(64.84507995700051, -147.72205903599973)",4
2011,Alaska,27.8,39.1,16.5,"$50,000 - $74,999","(64.84507995700051, -147.72205903599973)",5
2011,Alaska,26.9,31.9,11.8,"$75,000 or greater","(64.84507995700051, -147.72205903599973)",6
2013,Alaska,29.3,47,33.4,"Less than $15,000","(64.84507995700051, -147.72205903599973)",1
2013,Alaska,32.7,54.5,28.6,"$15,000 - $24,999","(64.84507995700051, -147.72205903599973)",2
2013,Alaska,24.5,41.5,25.4,"$25,000 - $34,999","(64.84507995700051, -147.72205903599973)",3
2013,Alaska,31.7,36.8,22.1,"$35,000 - $49,999","(64.84507995700051, -147.72205903599973)",4
2013,Alaska,32.3,37.4,11.7,"$50,000 - $74,999","(64.84507995700051, -147.72205903599973)",5
2013,Alaska,27,33.6,11.5,"$75,000 or greater","(64.84507995700051, -147.72205903599973)",6
2015,Alaska,40.1,59.5,31.2,"Less than $15,000","(64.84507995700051, -147.72205903599973)",1
2015,Alaska,31,43.5,27.5,"$15,000 - $24,999","(64.84507995700051, -147.72205903599973)",2
2015,Alaska,26,42.2,17.3,"$25,000 - $34,999","(64.84507995700051, -147.72205903599973)",3
2015,Alaska,31.7,45.1,15.9,"$35,000 - $49,999","(64.84507995700051, -147.72205903599973)",4
2015,Alaska,29,38,14.6,"$50,000 - $74,999","(64.84507995700051, -147.72205903599973)",5
2015,Alaska,30.8,35.9,15.3,"$75,000 or greater","(64.84507995700051, -147.72205903599973)",6
2011,Arizona,34.1,47.8,30,"Less than $15,000","(34.865970280000454, -111.76381127699972)",1
2011,Arizona,32.3,44.6,27.3,"$15,000 - $24,999","(34.865970280000454, -111.76381127699972)",2
2011,Arizona,26.5,38.7,23.1,"$25,000 - $34,999","(34.865970280000454, -111.76381127699972)",3
2011,Arizona,20.7,42.2,21.4,"$35,000 - $49,999","(34.865970280000454, -111.76381127699972)",4
2011,Arizona,25.1,33.9,14.9,"$50,000 - $74,999","(34.865970280000454, -111.76381127699972)",5
2011,Arizona,19.7,29.4,11.8,"$75,000 or greater","(34.865970280000454, -111.76381127699972)",6
2013,Arizona,32.4,43.4,27.8,"Less than $15,000","(34.865970280000454, -111.76381127699972)",1
2013,Arizona,33.7,41.7,28.1,"$15,000 - $24,999","(34.865970280000454, -111.76381127699972)",2
2013,Arizona,25.5,38.3,27.1,"$25,000 - $34,999","(34.865970280000454, -111.76381127699972)",3
2013,Arizona,22,41,27.3,"$35,000 - $49,999","(34.865970280000454, -111.76381127699972)",4
2013,Arizona,26.3,32.3,21.5,"$50,000 - $74,999","(34.865970280000454, -111.76381127699972)",5
2013,Arizona,22.5,39.2,19.2,"$75,000 or greater","(34.865970280000454, -111.76381127699972)",6
2015,Arizona,34.8,47.1,28,"Less than $15,000","(34.865970280000454, -111.76381127699972)",1
2015,Arizona,33.5,43.3,22.4,"$15,000 - $24,999","(34.865970280000454, -111.76381127699972)",2
2015,Arizona,28,40.1,18.9,"$25,000 - $34,999","(34.865970280000454, -111.76381127699972)",3
2015,Arizona,28.4,38.1,21.3,"$35,000 - $49,999","(34.865970280000454, -111.76381127699972)",4
2015,Arizona,30.5,37.8,20.7,"$50,000 - $74,999","(34.865970280000454, -111.76381127699972)",5
2015,Arizona,24.8,35.3,15.9,"$75,000 or greater","(34.865970280000454, -111.76381127699972)",6
2011,Arkansas,33.8,55.3,39.8,"Less than $15,000","(34.74865012400045, -92.27449074299966)",1
2011,Arkansas,30.4,52.2,35.2,"$15,000 - $24,999","(34.74865012400045, -92.27449074299966)",2
2011,Arkansas,37.2,40.8,23,"$25,000 - $34,999","(34.74865012400045, -92.27449074299966)",3
2011,Arkansas,31.7,46.1,19.2,"$35,000 - $49,999","(34.74865012400045, -92.27449074299966)",4
2011,Arkansas,30.6,38.7,18.6,"$50,000 - $74,999","(34.74865012400045, -92.27449074299966)",5
2011,Arkansas,27.8,42.9,22.5,"$75,000 or greater","(34.74865012400045, -92.27449074299966)",6
2013,Arkansas,41.5,59.4,35.8,"Less than $15,000","(34.74865012400045, -92.27449074299966)",1
2013,Arkansas,35.3,51.7,33.2,"$15,000 - $24,999","(34.74865012400045, -92.27449074299966)",2
2013,Arkansas,34.3,45.2,26.2,"$25,000 - $34,999","(34.74865012400045, -92.27449074299966)",3
2013,Arkansas,34.6,45.3,21.6,"$35,000 - $49,999","(34.74865012400045, -92.27449074299966)",4
2013,Arkansas,33,53.1,23.3,"$50,000 - $74,999","(34.74865012400045, -92.27449074299966)",5
2013,Arkansas,28.2,46.9,19,"$75,000 or greater","(34.74865012400045, -92.27449074299966)",6
2015,Arkansas,43.8,52.6,33.6,"Less than $15,000","(34.74865012400045, -92.27449074299966)",1
2015,Arkansas,32.6,53.3,33.9,"$15,000 - $24,999","(34.74865012400045, -92.27449074299966)",2
2015,Arkansas,32.5,57.5,28.1,"$25,000 - $34,999","(34.74865012400045, -92.27449074299966)",3
2015,Arkansas,37.3,50.1,23.4,"$35,000 - $49,999","(34.74865012400045, -92.27449074299966)",4
2015,Arkansas,36.7,44.2,28.7,"$50,000 - $74,999","(34.74865012400045, -92.27449074299966)",5
2015,Arkansas,30,44.9,20.1,"$75,000 or greater","(34.74865012400045, -92.27449074299966)",6
2011,California,29.9,36.7,24.1,"Less than $15,000","(37.63864012300047, -120.99999953799971)",1
2011,California,30.1,33.2,20.2,"$15,000 - $24,999","(37.63864012300047, -120.99999953799971)",2
2011,California,27.2,29.4,16.9,"$25,000 - $34,999","(37.63864012300047, -120.99999953799971)",3
2011,California,22.1,30.4,15.2,"$35,000 - $49,999","(37.63864012300047, -120.99999953799971)",4
2011,California,24.3,31.2,14.4,"$50,000 - $74,999","(37.63864012300047, -120.99999953799971)",5
2011,California,17.7,25.7,11.3,"$75,000 or greater","(37.63864012300047, -120.99999953799971)",6
2013,California,29.7,35.5,24.6,"Less than $15,000","(37.63864012300047, -120.99999953799971)",1
2013,California,27.4,29,20.1,"$15,000 - $24,999","(37.63864012300047, -120.99999953799971)",2
2013,California,25.6,30.8,21.3,"$25,000 - $34,999","(37.63864012300047, -120.99999953799971)",3
2013,California,25.4,30.3,15.7,"$35,000 - $49,999","(37.63864012300047, -120.99999953799971)",4
2013,California,25.8,30.2,16,"$50,000 - $74,999","(37.63864012300047, -120.99999953799971)",5
2013,California,19.5,27.4,10.7,"$75,000 or greater","(37.63864012300047, -120.99999953799971)",6
2015,California,29.5,39.3,25.5,"Less than $15,000","(37.63864012300047, -120.99999953799971)",1
2015,California,28.5,34.5,20.8,"$15,000 - $24,999","(37.63864012300047, -120.99999953799971)",2
2015,California,30.2,36.6,20.7,"$25,000 - $34,999","(37.63864012300047, -120.99999953799971)",3
2015,California,27.4,36.9,21.5,"$35,000 - $49,999","(37.63864012300047, -120.99999953799971)",4
2015,California,25.4,36.3,17.9,"$50,000 - $74,999","(37.63864012300047, -120.99999953799971)",5
2015,California,19.1,33.8,13.1,"$75,000 or greater","(37.63864012300047, -120.99999953799971)",6
2011,Colorado,25.9,52.5,32.6,"Less than $15,000","(38.843840757000464, -106.13361092099967)",1
2011,Colorado,24.2,40.8,21.3,"$15,000 - $24,999","(38.843840757000464, -106.13361092099967)",2
2011,Colorado,23.7,39,25.6,"$25,000 - $34,999","(38.843840757000464, -106.13361092099967)",3
2011,Colorado,21.3,36.3,21,"$35,000 - $49,999","(38.843840757000464, -106.13361092099967)",4
2011,Colorado,19.5,33.3,16.1,"$50,000 - $74,999","(38.843840757000464, -106.13361092099967)",5
2011,Colorado,18.3,28.4,12.6,"$75,000 or greater","(38.843840757000464, -106.13361092099967)",6
2013,Colorado,28.2,40.1,27.7,"Less than $15,000","(38.843840757000464, -106.13361092099967)",1
2013,Colorado,23.7,39.3,25.3,"$15,000 - $24,999","(38.843840757000464, -106.13361092099967)",2
2013,Colorado,23.3,35.3,21.7,"$25,000 - $34,999","(38.843840757000464, -106.13361092099967)",3
2013,Colorado,21.8,37.5,19.5,"$35,000 - $49,999","(38.843840757000464, -106.13361092099967)",4
2013,Colorado,22.3,35.8,16.8,"$50,000 - $74,999","(38.843840757000464, -106.13361092099967)",5
2013,Colorado,18,31.9,12.7,"$75,000 or greater","(38.843840757000464, -106.13361092099967)",6
2015,Colorado,24.5,40.3,28.6,"Less than $15,000","(38.843840757000464, -106.13361092099967)",1
2015,Colorado,22.5,38.8,24.4,"$15,000 - $24,999","(38.843840757000464, -106.13361092099967)",2
2015,Colorado,23.7,38.6,21.3,"$25,000 - $34,999","(38.843840757000464, -106.13361092099967)",3
2015,Colorado,21.5,36.9,16.3,"$35,000 - $49,999","(38.843840757000464, -106.13361092099967)",4
2015,Colorado,21.9,34.2,15.6,"$50,000 - $74,999","(38.843840757000464, -106.13361092099967)",5
2015,Colorado,17.4,33.1,12,"$75,000 or greater","(38.843840757000464, -106.13361092099967)",6
2011,Connecticut,31.7,47.5,30.1,"Less than $15,000","(41.56266102000046, -72.64984095199964)",1
2011,Connecticut,28.7,36.2,27.9,"$15,000 - $24,999","(41.56266102000046, -72.64984095199964)",2
2011,Connecticut,24.7,35.1,26,"$25,000 - $34,999","(41.56266102000046, -72.64984095199964)",3
2011,Connecticut,27.5,32.5,21,"$35,000 - $49,999","(41.56266102000046, -72.64984095199964)",4
2011,Connecticut,23.2,31.1,17.1,"$50,000 - $74,999","(41.56266102000046, -72.64984095199964)",5
2011,Connecticut,20.7,25.5,14,"$75,000 or greater","(41.56266102000046, -72.64984095199964)",6
2013,Connecticut,29.6,51.2,40.9,"Less than $15,000","(41.56266102000046, -72.64984095199964)",1
2013,Connecticut,33.6,38.1,28.3,"$15,000 - $24,999","(41.56266102000046, -72.64984095199964)",2
2013,Connecticut,28.6,36.2,20.3,"$25,000 - $34,999","(41.56266102000046, -72.64984095199964)",3
2013,Connecticut,28.1,34,24.8,"$35,000 - $49,999","(41.56266102000046, -72.64984095199964)",4
2013,Connecticut,22.8,28.8,17.7,"$50,000 - $74,999","(41.56266102000046, -72.64984095199964)",5
2013,Connecticut,21.2,30,16.8,"$75,000 or greater","(41.56266102000046, -72.64984095199964)",6
2015,Connecticut,36.6,41.9,29.3,"Less than $15,000","(41.56266102000046, -72.64984095199964)",1
2015,Connecticut,32.1,39,25.1,"$15,000 - $24,999","(41.56266102000046, -72.64984095199964)",2
2015,Connecticut,29.1,36.9,18.1,"$25,000 - $34,999","(41.56266102000046, -72.64984095199964)",3
2015,Connecticut,27.7,36,22,"$35,000 - $49,999","(41.56266102000046, -72.64984095199964)",4
2015,Connecticut,25.2,36.8,19.9,"$50,000 - $74,999","(41.56266102000046, -72.64984095199964)",5
2015,Connecticut,22.6,31.3,12.5,"$75,000 or greater","(41.56266102000046, -72.64984095199964)",6
2011,Delaware,33.5,44.2,31.5,"Less than $15,000","(39.008830667000495, -75.57774116799965)",1
2011,Delaware,35.6,45.9,32.5,"$15,000 - $24,999","(39.008830667000495, -75.57774116799965)",2
2011,Delaware,31,36.3,26.9,"$25,000 - $34,999","(39.008830667000495, -75.57774116799965)",3
2011,Delaware,32.3,40.4,29.2,"$35,000 - $49,999","(39.008830667000495, -75.57774116799965)",4
2011,Delaware,26.4,39,19.4,"$50,000 - $74,999","(39.008830667000495, -75.57774116799965)",5
2011,Delaware,27,34,13.2,"$75,000 or greater","(39.008830667000495, -75.57774116799965)",6
2013,Delaware,36.5,48.9,44.3,"Less than $15,000","(39.008830667000495, -75.57774116799965)",1
2013,Delaware,36.3,45.6,34.6,"$15,000 - $24,999","(39.008830667000495, -75.57774116799965)",2
2013,Delaware,36.8,44.3,30.5,"$25,000 - $34,999","(39.008830667000495, -75.57774116799965)",3
2013,Delaware,29.9,38.4,28.5,"$35,000 - $49,999","(39.008830667000495, -75.57774116799965)",4
2013,Delaware,31.7,39.1,23,"$50,000 - $74,999","(39.008830667000495, -75.57774116799965)",5
2013,Delaware,28.2,36.8,23.1,"$75,000 or greater","(39.008830667000495, -75.57774116799965)",6
2015,Delaware,37.1,43.5,33.7,"Less than $15,000","(39.008830667000495, -75.57774116799965)",1
2015,Delaware,40.6,41.3,26.6,"$15,000 - $24,999","(39.008830667000495, -75.57774116799965)",2
2015,Delaware,33.2,40.9,19.2,"$25,000 - $34,999","(39.008830667000495, -75.57774116799965)",3
2015,Delaware,31.1,38.4,21,"$35,000 - $49,999","(39.008830667000495, -75.57774116799965)",4
2015,Delaware,30.2,39.8,21,"$50,000 - $74,999","(39.008830667000495, -75.57774116799965)",5
2015,Delaware,26,33.2,14.5,"$75,000 or greater","(39.008830667000495, -75.57774116799965)",6
2011,District of Columbia,41.6,40.7,40.5,"Less than $15,000","(38.89037138500049, -77.03196112699965)",1
2011,District of Columbia,35.3,35.9,30.4,"$15,000 - $24,999","(38.89037138500049, -77.03196112699965)",2
2011,District of Columbia,30,40.1,19.8,"$25,000 - $34,999","(38.89037138500049, -77.03196112699965)",3
2011,District of Columbia,27.6,31.6,22.1,"$35,000 - $49,999","(38.89037138500049, -77.03196112699965)",4
2011,District of Columbia,20.3,32.2,13.8,"$50,000 - $74,999","(38.89037138500049, -77.03196112699965)",5
2011,District of Columbia,12.7,23.3,8.5,"$75,000 or greater","(38.89037138500049, -77.03196112699965)",6
2013,District of Columbia,35.5,50.3,36.5,"Less than $15,000","(38.89037138500049, -77.03196112699965)",1
2013,District of Columbia,35.1,34.4,28.6,"$15,000 - $24,999","(38.89037138500049, -77.03196112699965)",2
2013,District of Columbia,27.5,37.6,23.9,"$25,000 - $34,999","(38.89037138500049, -77.03196112699965)",3
2013,District of Columbia,24.3,37.3,28.9,"$35,000 - $49,999","(38.89037138500049, -77.03196112699965)",4
2013,District of Columbia,20.5,33.5,16.1,"$50,000 - $74,999","(38.89037138500049, -77.03196112699965)",5
2013,District of Columbia,13.5,28.2,10,"$75,000 or greater","(38.89037138500049, -77.03196112699965)",6
2015,District of Columbia,35,39.9,34.1,"Less than $15,000","(38.89037138500049, -77.03196112699965)",1
2015,District of Columbia,30.3,43.7,30.5,"$15,000 - $24,999","(38.89037138500049, -77.03196112699965)",2
2015,District of Columbia,19.8,37.5,27.9,"$25,000 - $34,999","(38.89037138500049, -77.03196112699965)",3
2015,District of Columbia,27.8,48.8,20.8,"$35,000 - $49,999","(38.89037138500049, -77.03196112699965)",4
2015,District of Columbia,23.9,32,14.2,"$50,000 - $74,999","(38.89037138500049, -77.03196112699965)",5
2015,District of Columbia,12.5,32.7,10.1,"$75,000 or greater","(38.89037138500049, -77.03196112699965)",6
2011,Florida,31.8,45.4,33.9,"Less than $15,000","(28.932040377000476, -81.92896053899966)",1
2011,Florida,30.2,39.4,26.8,"$15,000 - $24,999","(28.932040377000476, -81.92896053899966)",2
2011,Florida,29.7,38.7,24.2,"$25,000 - $34,999","(28.932040377000476, -81.92896053899966)",3
2011,Florida,27.2,37.3,20.5,"$35,000 - $49,999","(28.932040377000476, -81.92896053899966)",4
2011,Florida,26.5,36.6,16.3,"$50,000 - $74,999","(28.932040377000476, -81.92896053899966)",5
2011,Florida,22.4,31.4,15.6,"$75,000 or greater","(28.932040377000476, -81.92896053899966)",6
2013,Florida,33.7,47.9,31.7,"Less than $15,000","(28.932040377000476, -81.92896053899966)",1
2013,Florida,27.2,37.2,23.3,"$15,000 - $24,999","(28.932040377000476, -81.92896053899966)",2
2013,Florida,26.5,38.7,21.7,"$25,000 - $34,999","(28.932040377000476, -81.92896053899966)",3
2013,Florida,28.7,37.1,18.2,"$35,000 - $49,999","(28.932040377000476, -81.92896053899966)",4
2013,Florida,27.7,37,18.4,"$50,000 - $74,999","(28.932040377000476, -81.92896053899966)",5
2013,Florida,22.8,33.7,14.6,"$75,000 or greater","(28.932040377000476, -81.92896053899966)",6
2015,Florida,29.1,49.8,35.1,"Less than $15,000","(28.932040377000476, -81.92896053899966)",1
2015,Florida,30,40.8,27.7,"$15,000 - $24,999","(28.932040377000476, -81.92896053899966)",2
2015,Florida,28.7,44.4,23.1,"$25,000 - $34,999","(28.932040377000476, -81.92896053899966)",3
2015,Florida,29.1,34.8,19.5,"$35,000 - $49,999","(28.932040377000476, -81.92896053899966)",4
2015,Florida,27.1,35.3,16.7,"$50,000 - $74,999","(28.932040377000476, -81.92896053899966)",5
2015,Florida,24,35.6,14.9,"$75,000 or greater","(28.932040377000476, -81.92896053899966)",6
2011,Georgia,33.9,48.3,28.7,"Less than $15,000","(32.83968109300048, -83.62758034599966)",1
2011,Georgia,33.2,47.7,27.3,"$15,000 - $24,999","(32.83968109300048, -83.62758034599966)",2
2011,Georgia,29,41.5,28.4,"$25,000 - $34,999","(32.83968109300048, -83.62758034599966)",3
2011,Georgia,26.8,42.6,19.7,"$35,000 - $49,999","(32.83968109300048, -83.62758034599966)",4
2011,Georgia,31.2,36,19.7,"$50,000 - $74,999","(32.83968109300048, -83.62758034599966)",5
2011,Georgia,21.3,34.6,14.8,"$75,000 or greater","(32.83968109300048, -83.62758034599966)",6
2013,Georgia,35.8,50.8,34.4,"Less than $15,000","(32.83968109300048, -83.62758034599966)",1
2013,Georgia,33.4,46,29.8,"$15,000 - $24,999","(32.83968109300048, -83.62758034599966)",2
2013,Georgia,32.3,43.5,27,"$25,000 - $34,999","(32.83968109300048, -83.62758034599966)",3
2013,Georgia,31.6,41,21.4,"$35,000 - $49,999","(32.83968109300048, -83.62758034599966)",4
2013,Georgia,33.2,42.3,17,"$50,000 - $74,999","(32.83968109300048, -83.62758034599966)",5
2013,Georgia,25.2,38.3,14.7,"$75,000 or greater","(32.83968109300048, -83.62758034599966)",6
2015,Georgia,36.2,36.7,57,"Less than $15,000","(32.83968109300048, -83.62758034599966)",1
2015,Georgia,37.1,30.9,45.9,"$15,000 - $24,999","(32.83968109300048, -83.62758034599966)",2
2015,Georgia,30.8,28.8,47.4,"$25,000 - $34,999","(32.83968109300048, -83.62758034599966)",3
2015,Georgia,33.8,23.7,41.7,"$35,000 - $49,999","(32.83968109300048, -83.62758034599966)",4
2015,Georgia,33.2,20.4,47.2,"$50,000 - $74,999","(32.83968109300048, -83.62758034599966)",5
2015,Georgia,24.6,14.9,39.5,"$75,000 or greater","(32.83968109300048, -83.62758034599966)",6
2011,Hawaii,23.1,44.6,33.6,"Less than $15,000","(21.304850435000446, -157.85774940299973)",1
2011,Hawaii,21.2,41.7,28,"$15,000 - $24,999","(21.304850435000446, -157.85774940299973)",2
2011,Hawaii,21.9,36.2,22.3,"$25,000 - $34,999","(21.304850435000446, -157.85774940299973)",3
2011,Hawaii,19.9,42.2,23.4,"$35,000 - $49,999","(21.304850435000446, -157.85774940299973)",4
2011,Hawaii,28.2,40.7,22.2,"$50,000 - $74,999","(21.304850435000446, -157.85774940299973)",5
2011,Hawaii,21,35.4,17,"$75,000 or greater","(21.304850435000446, -157.85774940299973)",6
2013,Hawaii,20.6,48.2,31.9,"Less than $15,000","(21.304850435000446, -157.85774940299973)",1
2013,Hawaii,26,43.7,30.2,"$15,000 - $24,999","(21.304850435000446, -157.85774940299973)",2
2013,Hawaii,19.8,32.7,24.8,"$25,000 - $34,999","(21.304850435000446, -157.85774940299973)",3
2013,Hawaii,23.4,38,22.1,"$35,000 - $49,999","(21.304850435000446, -157.85774940299973)",4
2013,Hawaii,23.9,38.7,20.5,"$50,000 - $74,999","(21.304850435000446, -157.85774940299973)",5
2013,Hawaii,20.8,37,16.2,"$75,000 or greater","(21.304850435000446, -157.85774940299973)",6
2015,Hawaii,27.1,43.4,34.5,"Less than $15,000","(21.304850435000446, -157.85774940299973)",1
2015,Hawaii,22.3,43,23.8,"$15,000 - $24,999","(21.304850435000446, -157.85774940299973)",2
2015,Hawaii,23.3,39.3,21,"$25,000 - $34,999","(21.304850435000446, -157.85774940299973)",3
2015,Hawaii,23.7,43.1,24.2,"$35,000 - $49,999","(21.304850435000446, -157.85774940299973)",4
2015,Hawaii,24.7,36.1,20.5,"$50,000 - $74,999","(21.304850435000446, -157.85774940299973)",5
2015,Hawaii,21.6,40.7,16.3,"$75,000 or greater","(21.304850435000446, -157.85774940299973)",6
2011,Idaho,30,42.8,27.4,"Less than $15,000","(43.682630005000476, -114.3637300419997)",1
2011,Idaho,29,44.2,21.5,"$15,000 - $24,999","(43.682630005000476, -114.3637300419997)",2
2011,Idaho,29,41.9,19.4,"$25,000 - $34,999","(43.682630005000476, -114.3637300419997)",3
2011,Idaho,26.5,39.5,24.5,"$35,000 - $49,999","(43.682630005000476, -114.3637300419997)",4
2011,Idaho,28.9,31.2,15.8,"$50,000 - $74,999","(43.682630005000476, -114.3637300419997)",5
2011,Idaho,22,30.4,13.2,"$75,000 or greater","(43.682630005000476, -114.3637300419997)",6
2013,Idaho,33.7,46.8,29,"Less than $15,000","(43.682630005000476, -114.3637300419997)",1
2013,Idaho,32.1,42.7,25.2,"$15,000 - $24,999","(43.682630005000476, -114.3637300419997)",2
2013,Idaho,32.2,42.1,26.6,"$25,000 - $34,999","(43.682630005000476, -114.3637300419997)",3
2013,Idaho,33.6,36,18.5,"$35,000 - $49,999","(43.682630005000476, -114.3637300419997)",4
2013,Idaho,30.7,38,17.8,"$50,000 - $74,999","(43.682630005000476, -114.3637300419997)",5
2013,Idaho,23,31.3,10.6,"$75,000 or greater","(43.682630005000476, -114.3637300419997)",6
2015,Idaho,28.7,51.4,31.9,"Less than $15,000","(43.682630005000476, -114.3637300419997)",1
2015,Idaho,35.2,40.8,23.7,"$15,000 - $24,999","(43.682630005000476, -114.3637300419997)",2
2015,Idaho,30.3,42.8,18.6,"$25,000 - $34,999","(43.682630005000476, -114.3637300419997)",3
2015,Idaho,34.5,37.6,16.2,"$35,000 - $49,999","(43.682630005000476, -114.3637300419997)",4
2015,Idaho,26.8,36.2,14,"$50,000 - $74,999","(43.682630005000476, -114.3637300419997)",5
2015,Idaho,22.5,35.8,12.4,"$75,000 or greater","(43.682630005000476, -114.3637300419997)",6
2011,Illinois,29.1,43.6,38.8,"Less than $15,000","(40.48501028300046, -88.99771017799969)",1
2011,Illinois,31.4,39.7,31.5,"$15,000 - $24,999","(40.48501028300046, -88.99771017799969)",2
2011,Illinois,26.9,37.9,25.1,"$25,000 - $34,999","(40.48501028300046, -88.99771017799969)",3
2011,Illinois,27.7,35.5,26.7,"$35,000 - $49,999","(40.48501028300046, -88.99771017799969)",4
2011,Illinois,28.1,40.2,20.6,"$50,000 - $74,999","(40.48501028300046, -88.99771017799969)",5
2011,Illinois,24.7,29.1,19.5,"$75,000 or greater","(40.48501028300046, -88.99771017799969)",6
2013,Illinois,32.1,42,36.7,"Less than $15,000","(40.48501028300046, -88.99771017799969)",1
2013,Illinois,33,33.8,25,"$15,000 - $24,999","(40.48501028300046, -88.99771017799969)",2
2013,Illinois,35.8,42.8,30.4,"$25,000 - $34,999","(40.48501028300046, -88.99771017799969)",3
2013,Illinois,32.8,35.7,25.9,"$35,000 - $49,999","(40.48501028300046, -88.99771017799969)",4
2013,Illinois,28,38.6,21.7,"$50,000 - $74,999","(40.48501028300046, -88.99771017799969)",5
2013,Illinois,24.8,34.3,18.1,"$75,000 or greater","(40.48501028300046, -88.99771017799969)",6
2015,Illinois,37.7,42.3,34,"Less than $15,000","(40.48501028300046, -88.99771017799969)",1
2015,Illinois,36.1,45.1,31.7,"$15,000 - $24,999","(40.48501028300046, -88.99771017799969)",2
2015,Illinois,30.1,41.9,25.7,"$25,000 - $34,999","(40.48501028300046, -88.99771017799969)",3
2015,Illinois,27.8,37,21.5,"$35,000 - $49,999","(40.48501028300046, -88.99771017799969)",4
2015,Illinois,31.6,37.1,22.5,"$50,000 - $74,999","(40.48501028300046, -88.99771017799969)",5
2015,Illinois,28.4,34.8,19.3,"$75,000 or greater","(40.48501028300046, -88.99771017799969)",6
2011,Indiana,35,52.5,42.5,"Less than $15,000","(39.766910452000445, -86.14996019399968)",1
2011,Indiana,35.3,44.5,32.5,"$15,000 - $24,999","(39.766910452000445, -86.14996019399968)",2
2011,Indiana,32,41.2,30.2,"$25,000 - $34,999","(39.766910452000445, -86.14996019399968)",3
2011,Indiana,30.3,41.7,24.9,"$35,000 - $49,999","(39.766910452000445, -86.14996019399968)",4
2011,Indiana,32,41,20.8,"$50,000 - $74,999","(39.766910452000445, -86.14996019399968)",5
2011,Indiana,26.4,31.3,16.1,"$75,000 or greater","(39.766910452000445, -86.14996019399968)",6
2013,Indiana,37.1,52.2,38.7,"Less than $15,000","(39.766910452000445, -86.14996019399968)",1
2013,Indiana,34.8,47.7,31,"$15,000 - $24,999","(39.766910452000445, -86.14996019399968)",2
2013,Indiana,33.7,48.9,29.8,"$25,000 - $34,999","(39.766910452000445, -86.14996019399968)",3
2013,Indiana,34.4,43.8,27.2,"$35,000 - $49,999","(39.766910452000445, -86.14996019399968)",4
2013,Indiana,33.2,43.5,23.5,"$50,000 - $74,999","(39.766910452000445, -86.14996019399968)",5
2013,Indiana,27.1,36,17.3,"$75,000 or greater","(39.766910452000445, -86.14996019399968)",6
2015,Indiana,32.3,33.9,49.7,"Less than $15,000","(39.766910452000445, -86.14996019399968)",1
2015,Indiana,34,35.9,44.9,"$15,000 - $24,999","(39.766910452000445, -86.14996019399968)",2
2015,Indiana,38.1,32.2,43.8,"$25,000 - $34,999","(39.766910452000445, -86.14996019399968)",3
2015,Indiana,29.6,27.4,43,"$35,000 - $49,999","(39.766910452000445, -86.14996019399968)",4
2015,Indiana,33.9,20.7,44.1,"$50,000 - $74,999","(39.766910452000445, -86.14996019399968)",5
2015,Indiana,28.4,18.2,36.9,"$75,000 or greater","(39.766910452000445, -86.14996019399968)",6
2011,Iowa,28.5,49.7,33.3,"Less than $15,000","(42.46940091300047, -93.81649055599968)",1
2011,Iowa,33.8,41.1,31.3,"$15,000 - $24,999","(42.46940091300047, -93.81649055599968)",2
2011,Iowa,32.1,42.3,28.2,"$25,000 - $34,999","(42.46940091300047, -93.81649055599968)",3
2011,Iowa,32.7,41.9,26.9,"$35,000 - $49,999","(42.46940091300047, -93.81649055599968)",4
2011,Iowa,33.3,41,25.1,"$50,000 - $74,999","(42.46940091300047, -93.81649055599968)",5
2011,Iowa,25,32.5,21.7,"$75,000 or greater","(42.46940091300047, -93.81649055599968)",6
2013,Iowa,37.1,49,39.3,"Less than $15,000","(42.46940091300047, -93.81649055599968)",1
2013,Iowa,33,43.4,31.5,"$15,000 - $24,999","(42.46940091300047, -93.81649055599968)",2
2013,Iowa,32.1,42.4,26.3,"$25,000 - $34,999","(42.46940091300047, -93.81649055599968)",3
2013,Iowa,33.1,37,24.9,"$35,000 - $49,999","(42.46940091300047, -93.81649055599968)",4
2013,Iowa,31.4,39.4,22.5,"$50,000 - $74,999","(42.46940091300047, -93.81649055599968)",5
2013,Iowa,29.4,34.9,22,"$75,000 or greater","(42.46940091300047, -93.81649055599968)",6
2015,Iowa,32.1,50.7,31.8,"Less than $15,000","(42.46940091300047, -93.81649055599968)",1
2015,Iowa,35.1,45.9,32.7,"$15,000 - $24,999","(42.46940091300047, -93.81649055599968)",2
2015,Iowa,38.7,37.4,25.1,"$25,000 - $34,999","(42.46940091300047, -93.81649055599968)",3
2015,Iowa,33.9,44.3,31.2,"$35,000 - $49,999","(42.46940091300047, -93.81649055599968)",4
2015,Iowa,38,42.4,24.8,"$50,000 - $74,999","(42.46940091300047, -93.81649055599968)",5
2015,Iowa,28,39.8,21.2,"$75,000 or greater","(42.46940091300047, -93.81649055599968)",6
2011,Kansas,35.8,49.3,33.5,"Less than $15,000","(38.34774030000045, -98.20078122699965)",1
2011,Kansas,31.8,45.3,26,"$15,000 - $24,999","(38.34774030000045, -98.20078122699965)",2
2011,Kansas,30.9,42.7,22.2,"$25,000 - $34,999","(38.34774030000045, -98.20078122699965)",3
2011,Kansas,32.7,41.7,19.6,"$35,000 - $49,999","(38.34774030000045, -98.20078122699965)",4
2011,Kansas,31,40.8,20.2,"$50,000 - $74,999","(38.34774030000045, -98.20078122699965)",5
2011,Kansas,25.6,36,17,"$75,000 or greater","(38.34774030000045, -98.20078122699965)",6
2013,Kansas,35.3,47,31.6,"Less than $15,000","(38.34774030000045, -98.20078122699965)",1
2013,Kansas,33.6,42.7,26.4,"$15,000 - $24,999","(38.34774030000045, -98.20078122699965)",2
2013,Kansas,31.1,42.3,25.1,"$25,000 - $34,999","(38.34774030000045, -98.20078122699965)",3
2013,Kansas,31.7,44.3,22.6,"$35,000 - $49,999","(38.34774030000045, -98.20078122699965)",4
2013,Kansas,30.6,42.3,20.7,"$50,000 - $74,999","(38.34774030000045, -98.20078122699965)",5
2013,Kansas,26.2,37.5,16,"$75,000 or greater","(38.34774030000045, -98.20078122699965)",6
2015,Kansas,38.4,52.4,33.4,"Less than $15,000","(38.34774030000045, -98.20078122699965)",1
2015,Kansas,37.7,47,26.3,"$15,000 - $24,999","(38.34774030000045, -98.20078122699965)",2
2015,Kansas,38,46.8,23.2,"$25,000 - $34,999","(38.34774030000045, -98.20078122699965)",3
2015,Kansas,37.3,44.6,23.1,"$35,000 - $49,999","(38.34774030000045, -98.20078122699965)",4
2015,Kansas,34.3,43.2,17.5,"$50,000 - $74,999","(38.34774030000045, -98.20078122699965)",5
2015,Kansas,31,39.1,16.3,"$75,000 or greater","(38.34774030000045, -98.20078122699965)",6
2011,Kentucky,36.6,52.7,36.4,"Less than $15,000","(37.645970271000465, -84.77497104799966)",1
2011,Kentucky,35.6,49.3,27.9,"$15,000 - $24,999","(37.645970271000465, -84.77497104799966)",2
2011,Kentucky,30,48.5,27.1,"$25,000 - $34,999","(37.645970271000465, -84.77497104799966)",3
2011,Kentucky,33.7,47.2,24,"$35,000 - $49,999","(37.645970271000465, -84.77497104799966)",4
2011,Kentucky,34.4,45.1,20.2,"$50,000 - $74,999","(37.645970271000465, -84.77497104799966)",5
2011,Kentucky,23.4,42.9,15.2,"$75,000 or greater","(37.645970271000465, -84.77497104799966)",6
2013,Kentucky,38.1,53.1,35.9,"Less than $15,000","(37.645970271000465, -84.77497104799966)",1
2013,Kentucky,37.4,52.4,29.1,"$15,000 - $24,999","(37.645970271000465, -84.77497104799966)",2
2013,Kentucky,38.3,50.7,27.2,"$25,000 - $34,999","(37.645970271000465, -84.77497104799966)",3
2013,Kentucky,34.8,44.4,21.9,"$35,000 - $49,999","(37.645970271000465, -84.77497104799966)",4
2013,Kentucky,32.8,46.1,19.9,"$50,000 - $74,999","(37.645970271000465, -84.77497104799966)",5
2013,Kentucky,29.1,40.3,13.9,"$75,000 or greater","(37.645970271000465, -84.77497104799966)",6
2015,Kentucky,37.1,56.4,35.8,"Less than $15,000","(37.645970271000465, -84.77497104799966)",1
2015,Kentucky,41.2,51.8,25.2,"$15,000 - $24,999","(37.645970271000465, -84.77497104799966)",2
2015,Kentucky,39,47.6,29.7,"$25,000 - $34,999","(37.645970271000465, -84.77497104799966)",3
2015,Kentucky,33.6,49.4,23.3,"$35,000 - $49,999","(37.645970271000465, -84.77497104799966)",4
2015,Kentucky,35.7,48.9,22.7,"$50,000 - $74,999","(37.645970271000465, -84.77497104799966)",5
2015,Kentucky,35.4,39.6,14.6,"$75,000 or greater","(37.645970271000465, -84.77497104799966)",6
2011,Louisiana,35.4,49.8,47.8,"Less than $15,000","(31.31266064400046, -92.44568007099969)",1
2011,Louisiana,36.7,48.7,40.8,"$15,000 - $24,999","(31.31266064400046, -92.44568007099969)",2
2011,Louisiana,36.8,44.9,33.7,"$25,000 - $34,999","(31.31266064400046, -92.44568007099969)",3
2011,Louisiana,36.3,49.7,25.6,"$35,000 - $49,999","(31.31266064400046, -92.44568007099969)",4
2011,Louisiana,36.8,50.3,23.8,"$50,000 - $74,999","(31.31266064400046, -92.44568007099969)",5
2011,Louisiana,29.9,41,19.1,"$75,000 or greater","(31.31266064400046, -92.44568007099969)",6
2013,Louisiana,40.3,49.7,42.9,"Less than $15,000","(31.31266064400046, -92.44568007099969)",1
2013,Louisiana,36.8,48,41.8,"$15,000 - $24,999","(31.31266064400046, -92.44568007099969)",2
2013,Louisiana,28.2,43.8,34.3,"$25,000 - $34,999","(31.31266064400046, -92.44568007099969)",3
2013,Louisiana,38.4,46.8,30.8,"$35,000 - $49,999","(31.31266064400046, -92.44568007099969)",4
2013,Louisiana,28.7,47.4,21.9,"$50,000 - $74,999","(31.31266064400046, -92.44568007099969)",5
2013,Louisiana,30.6,48.7,21.6,"$75,000 or greater","(31.31266064400046, -92.44568007099969)",6
2015,Louisiana,43.1,53.8,45,"Less than $15,000","(31.31266064400046, -92.44568007099969)",1
2015,Louisiana,41.3,49.5,39.6,"$15,000 - $24,999","(31.31266064400046, -92.44568007099969)",2
2015,Louisiana,40,40.6,30.2,"$25,000 - $34,999","(31.31266064400046, -92.44568007099969)",3
2015,Louisiana,35.8,55.1,30.4,"$35,000 - $49,999","(31.31266064400046, -92.44568007099969)",4
2015,Louisiana,34.2,47.1,24.6,"$50,000 - $74,999","(31.31266064400046, -92.44568007099969)",5
2015,Louisiana,32.7,53.6,21.6,"$75,000 or greater","(31.31266064400046, -92.44568007099969)",6
2011,Maine,31.7,44.1,28.9,"Less than $15,000","(45.254228894000505, -68.98503133599962)",1
2011,Maine,33.7,39.3,23.8,"$15,000 - $24,999","(45.254228894000505, -68.98503133599962)",2
2011,Maine,30,35.9,20.4,"$25,000 - $34,999","(45.254228894000505, -68.98503133599962)",3
2011,Maine,27.8,29.3,16.6,"$35,000 - $49,999","(45.254228894000505, -68.98503133599962)",4
2011,Maine,25.8,28.3,14.8,"$50,000 - $74,999","(45.254228894000505, -68.98503133599962)",5
2011,Maine,22.5,25.8,10.9,"$75,000 or greater","(45.254228894000505, -68.98503133599962)",6
2013,Maine,35.6,49.3,29.1,"Less than $15,000","(45.254228894000505, -68.98503133599962)",1
2013,Maine,33.7,36.4,21.5,"$15,000 - $24,999","(45.254228894000505, -68.98503133599962)",2
2013,Maine,30.1,35.3,18,"$25,000 - $34,999","(45.254228894000505, -68.98503133599962)",3
2013,Maine,28.4,33.5,15.5,"$35,000 - $49,999","(45.254228894000505, -68.98503133599962)",4
2013,Maine,27.4,30.8,13.8,"$50,000 - $74,999","(45.254228894000505, -68.98503133599962)",5
2013,Maine,25.3,25.5,11.6,"$75,000 or greater","(45.254228894000505, -68.98503133599962)",6
2015,Maine,36.5,45,33.5,"Less than $15,000","(45.254228894000505, -68.98503133599962)",1
2015,Maine,33.4,42.5,24.7,"$15,000 - $24,999","(45.254228894000505, -68.98503133599962)",2
2015,Maine,30.2,32.1,20.7,"$25,000 - $34,999","(45.254228894000505, -68.98503133599962)",3
2015,Maine,30.3,37.5,15.8,"$35,000 - $49,999","(45.254228894000505, -68.98503133599962)",4
2015,Maine,30.1,33.2,14.3,"$50,000 - $74,999","(45.254228894000505, -68.98503133599962)",5
2015,Maine,24.7,27.4,10.1,"$75,000 or greater","(45.254228894000505, -68.98503133599962)",6
2011,Maryland,35,45.2,33.5,"Less than $15,000","(39.29058096400047, -76.60926011099963)",1
2011,Maryland,31,45,30,"$15,000 - $24,999","(39.29058096400047, -76.60926011099963)",2
2011,Maryland,31.2,39.9,28.9,"$25,000 - $34,999","(39.29058096400047, -76.60926011099963)",3
2011,Maryland,36.8,40.4,29.1,"$35,000 - $49,999","(39.29058096400047, -76.60926011099963)",4
2011,Maryland,29.6,35.7,22.3,"$50,000 - $74,999","(39.29058096400047, -76.60926011099963)",5
2011,Maryland,24.4,29.9,13.9,"$75,000 or greater","(39.29058096400047, -76.60926011099963)",6
2013,Maryland,37.3,45.2,35.2,"Less than $15,000","(39.29058096400047, -76.60926011099963)",1
2013,Maryland,32.6,38.1,28.5,"$15,000 - $24,999","(39.29058096400047, -76.60926011099963)",2
2013,Maryland,29,37,26.8,"$25,000 - $34,999","(39.29058096400047, -76.60926011099963)",3
2013,Maryland,31.1,38.5,21.2,"$35,000 - $49,999","(39.29058096400047, -76.60926011099963)",4
2013,Maryland,27.8,35.2,19.9,"$50,000 - $74,999","(39.29058096400047, -76.60926011099963)",5
2013,Maryland,26.1,31.8,16.4,"$75,000 or greater","(39.29058096400047, -76.60926011099963)",6
2015,Maryland,41,50.5,33.9,"Less than $15,000","(39.29058096400047, -76.60926011099963)",1
2015,Maryland,29.2,37.3,27.3,"$15,000 - $24,999","(39.29058096400047, -76.60926011099963)",2
2015,Maryland,33.7,29.1,23.8,"$25,000 - $34,999","(39.29058096400047, -76.60926011099963)",3
2015,Maryland,36.4,35.7,23.6,"$35,000 - $49,999","(39.29058096400047, -76.60926011099963)",4
2015,Maryland,32.7,35.9,16.2,"$50,000 - $74,999","(39.29058096400047, -76.60926011099963)",5
2015,Maryland,24,34,15.1,"$75,000 or greater","(39.29058096400047, -76.60926011099963)",6
2011,Massachusetts,29.4,40.7,33.1,"Less than $15,000","(42.27687047000046, -72.08269067499964)",1
2011,Massachusetts,26.1,36.2,28.6,"$15,000 - $24,999","(42.27687047000046, -72.08269067499964)",2
2011,Massachusetts,22.9,35.5,24.2,"$25,000 - $34,999","(42.27687047000046, -72.08269067499964)",3
2011,Massachusetts,25.4,33.2,22.5,"$35,000 - $49,999","(42.27687047000046, -72.08269067499964)",4
2011,Massachusetts,24.6,31.2,18.7,"$50,000 - $74,999","(42.27687047000046, -72.08269067499964)",5
2011,Massachusetts,19.3,26.6,12.9,"$75,000 or greater","(42.27687047000046, -72.08269067499964)",6
2013,Massachusetts,33.2,41.6,30.7,"Less than $15,000","(42.27687047000046, -72.08269067499964)",1
2013,Massachusetts,27.2,36.5,26.4,"$15,000 - $24,999","(42.27687047000046, -72.08269067499964)",2
2013,Massachusetts,24.1,32.7,23.1,"$25,000 - $34,999","(42.27687047000046, -72.08269067499964)",3
2013,Massachusetts,27.3,32.2,22.5,"$35,000 - $49,999","(42.27687047000046, -72.08269067499964)",4
2013,Massachusetts,27.2,32.6,19.8,"$50,000 - $74,999","(42.27687047000046, -72.08269067499964)",5
2013,Massachusetts,19.3,29.3,13,"$75,000 or greater","(42.27687047000046, -72.08269067499964)",6
2015,Massachusetts,31.6,44.2,25.5,"Less than $15,000","(42.27687047000046, -72.08269067499964)",1
2015,Massachusetts,30.1,33.5,26.6,"$15,000 - $24,999","(42.27687047000046, -72.08269067499964)",2
2015,Massachusetts,28.7,30.3,23.5,"$25,000 - $34,999","(42.27687047000046, -72.08269067499964)",3
2015,Massachusetts,27.4,34.4,28.3,"$35,000 - $49,999","(42.27687047000046, -72.08269067499964)",4
2015,Massachusetts,26.8,30.4,13.9,"$50,000 - $74,999","(42.27687047000046, -72.08269067499964)",5
2015,Massachusetts,19.3,32.2,11.1,"$75,000 or greater","(42.27687047000046, -72.08269067499964)",6
2011,Michigan,37,46.1,36.3,"Less than $15,000","(44.6613195430005, -84.71439026999968)",1
2011,Michigan,35.4,44.1,25.9,"$15,000 - $24,999","(44.6613195430005, -84.71439026999968)",2
2011,Michigan,30.5,41.7,26.6,"$25,000 - $34,999","(44.6613195430005, -84.71439026999968)",3
2011,Michigan,28.6,32.6,18.9,"$35,000 - $49,999","(44.6613195430005, -84.71439026999968)",4
2011,Michigan,32.6,33.8,19.5,"$50,000 - $74,999","(44.6613195430005, -84.71439026999968)",5
2011,Michigan,28.2,29.6,15.7,"$75,000 or greater","(44.6613195430005, -84.71439026999968)",6
2013,Michigan,36.6,42.8,35.5,"Less than $15,000","(44.6613195430005, -84.71439026999968)",1
2013,Michigan,37,40.4,28.9,"$15,000 - $24,999","(44.6613195430005, -84.71439026999968)",2
2013,Michigan,33.2,42.7,28,"$25,000 - $34,999","(44.6613195430005, -84.71439026999968)",3
2013,Michigan,34.4,36.4,23.7,"$35,000 - $49,999","(44.6613195430005, -84.71439026999968)",4
2013,Michigan,31,36.2,19.2,"$50,000 - $74,999","(44.6613195430005, -84.71439026999968)",5
2013,Michigan,27.8,32.4,17,"$75,000 or greater","(44.6613195430005, -84.71439026999968)",6
2015,Michigan,32.8,46.6,34.7,"Less than $15,000","(44.6613195430005, -84.71439026999968)",1
2015,Michigan,36.2,44.1,28.4,"$15,000 - $24,999","(44.6613195430005, -84.71439026999968)",2
2015,Michigan,36.1,42,29.7,"$25,000 - $34,999","(44.6613195430005, -84.71439026999968)",3
2015,Michigan,34,37.3,23.4,"$35,000 - $49,999","(44.6613195430005, -84.71439026999968)",4
2015,Michigan,33.5,39.1,22.9,"$50,000 - $74,999","(44.6613195430005, -84.71439026999968)",5
2015,Michigan,27,36.4,17.8,"$75,000 or greater","(44.6613195430005, -84.71439026999968)",6
2011,Minnesota,23.3,44,32.3,"Less than $15,000","(46.35564873600049, -94.79420050299967)",1
2011,Minnesota,28.7,41.7,27.6,"$15,000 - $24,999","(46.35564873600049, -94.79420050299967)",2
2011,Minnesota,27.4,40.1,27.3,"$25,000 - $34,999","(46.35564873600049, -94.79420050299967)",3
2011,Minnesota,29.3,34.4,24,"$35,000 - $49,999","(46.35564873600049, -94.79420050299967)",4
2011,Minnesota,28.9,35.4,22.4,"$50,000 - $74,999","(46.35564873600049, -94.79420050299967)",5
2011,Minnesota,22,30.9,16.8,"$75,000 or greater","(46.35564873600049, -94.79420050299967)",6
2013,Minnesota,27.3,40.9,34.7,"Less than $15,000","(46.35564873600049, -94.79420050299967)",1
2013,Minnesota,29.3,42,32.6,"$15,000 - $24,999","(46.35564873600049, -94.79420050299967)",2
2013,Minnesota,26,39.9,23.8,"$25,000 - $34,999","(46.35564873600049, -94.79420050299967)",3
2013,Minnesota,28.3,41,26.5,"$35,000 - $49,999","(46.35564873600049, -94.79420050299967)",4
2013,Minnesota,28.4,39.2,22.4,"$50,000 - $74,999","(46.35564873600049, -94.79420050299967)",5
2013,Minnesota,22.7,34.4,16.5,"$75,000 or greater","(46.35564873600049, -94.79420050299967)",6
2015,Minnesota,30.1,45.3,33.2,"Less than $15,000","(46.35564873600049, -94.79420050299967)",1
2015,Minnesota,31.1,44.2,28.5,"$15,000 - $24,999","(46.35564873600049, -94.79420050299967)",2
2015,Minnesota,29.9,40.5,26.9,"$25,000 - $34,999","(46.35564873600049, -94.79420050299967)",3
2015,Minnesota,26.5,40,25.4,"$35,000 - $49,999","(46.35564873600049, -94.79420050299967)",4
2015,Minnesota,29.3,35.6,20.5,"$50,000 - $74,999","(46.35564873600049, -94.79420050299967)",5
2015,Minnesota,23.2,32.2,16.1,"$75,000 or greater","(46.35564873600049, -94.79420050299967)",6
2011,Mississippi,37.6,55.2,43.5,"Less than $15,000","(32.745510099000455, -89.53803082499968)",1
2011,Mississippi,39.9,54,36.8,"$15,000 - $24,999","(32.745510099000455, -89.53803082499968)",2
2011,Mississippi,39.2,50.4,31.8,"$25,000 - $34,999","(32.745510099000455, -89.53803082499968)",3
2011,Mississippi,33,49.4,27,"$35,000 - $49,999","(32.745510099000455, -89.53803082499968)",4
2011,Mississippi,34.6,44.1,21.6,"$50,000 - $74,999","(32.745510099000455, -89.53803082499968)",5
2011,Mississippi,29,45.5,19.5,"$75,000 or greater","(32.745510099000455, -89.53803082499968)",6
2013,Mississippi,41.2,58.5,41.8,"Less than $15,000","(32.745510099000455, -89.53803082499968)",1
2013,Mississippi,40.7,52.3,36.8,"$15,000 - $24,999","(32.745510099000455, -89.53803082499968)",2
2013,Mississippi,32.5,48.6,30.9,"$25,000 - $34,999","(32.745510099000455, -89.53803082499968)",3
2013,Mississippi,35,41.8,25.2,"$35,000 - $49,999","(32.745510099000455, -89.53803082499968)",4
2013,Mississippi,33.9,48.6,23.6,"$50,000 - $74,999","(32.745510099000455, -89.53803082499968)",5
2013,Mississippi,29.7,45.2,15.3,"$75,000 or greater","(32.745510099000455, -89.53803082499968)",6
2015,Mississippi,43.1,56,40.8,"Less than $15,000","(32.745510099000455, -89.53803082499968)",1
2015,Mississippi,40.1,52.4,37.3,"$15,000 - $24,999","(32.745510099000455, -89.53803082499968)",2
2015,Mississippi,36.5,55.1,37.2,"$25,000 - $34,999","(32.745510099000455, -89.53803082499968)",3
2015,Mississippi,35.8,48.8,25.4,"$35,000 - $49,999","(32.745510099000455, -89.53803082499968)",4
2015,Mississippi,35.2,47.7,22.8,"$50,000 - $74,999","(32.745510099000455, -89.53803082499968)",5
2015,Mississippi,30.5,47.2,20.1,"$75,000 or greater","(32.745510099000455, -89.53803082499968)",6
2011,Missouri,31.8,56.3,41.6,"Less than $15,000","(38.635790776000476, -92.56630005299968)",1
2011,Missouri,34.2,48.7,30.5,"$15,000 - $24,999","(38.635790776000476, -92.56630005299968)",2
2011,Missouri,31.5,43.4,22.7,"$25,000 - $34,999","(38.635790776000476, -92.56630005299968)",3
2011,Missouri,30,41.3,20.8,"$35,000 - $49,999","(38.635790776000476, -92.56630005299968)",4
2011,Missouri,30.7,40.6,21.9,"$50,000 - $74,999","(38.635790776000476, -92.56630005299968)",5
2011,Missouri,27.6,38.2,16.3,"$75,000 or greater","(38.635790776000476, -92.56630005299968)",6
2013,Missouri,29.9,48.4,37.8,"Less than $15,000","(38.635790776000476, -92.56630005299968)",1
2013,Missouri,32.3,48.2,26.1,"$15,000 - $24,999","(38.635790776000476, -92.56630005299968)",2
2013,Missouri,36.4,45.4,27.1,"$25,000 - $34,999","(38.635790776000476, -92.56630005299968)",3
2013,Missouri,30.8,41.8,20.1,"$35,000 - $49,999","(38.635790776000476, -92.56630005299968)",4
2013,Missouri,32.1,42.4,21.7,"$50,000 - $74,999","(38.635790776000476, -92.56630005299968)",5
2013,Missouri,28,37.6,16.3,"$75,000 or greater","(38.635790776000476, -92.56630005299968)",6
2015,Missouri,39.5,55.2,37.4,"Less than $15,000","(38.635790776000476, -92.56630005299968)",1
2015,Missouri,34.5,47.7,28.3,"$15,000 - $24,999","(38.635790776000476, -92.56630005299968)",2
2015,Missouri,32,44.3,26.3,"$25,000 - $34,999","(38.635790776000476, -92.56630005299968)",3
2015,Missouri,31.9,45.6,23.6,"$35,000 - $49,999","(38.635790776000476, -92.56630005299968)",4
2015,Missouri,31.8,45.7,20.7,"$50,000 - $74,999","(38.635790776000476, -92.56630005299968)",5
2015,Missouri,33.4,37.4,14,"$75,000 or greater","(38.635790776000476, -92.56630005299968)",6
2011,Montana,31.2,50.5,31.9,"Less than $15,000","(47.06652897200047, -109.42442064499971)",1
2011,Montana,25.6,40.3,25.6,"$15,000 - $24,999","(47.06652897200047, -109.42442064499971)",2
2011,Montana,27.4,40.9,20.3,"$25,000 - $34,999","(47.06652897200047, -109.42442064499971)",3
2011,Montana,23.8,38.2,22,"$35,000 - $49,999","(47.06652897200047, -109.42442064499971)",4
2011,Montana,24.3,35.9,15.7,"$50,000 - $74,999","(47.06652897200047, -109.42442064499971)",5
2011,Montana,21.1,30.2,13.8,"$75,000 or greater","(47.06652897200047, -109.42442064499971)",6
2013,Montana,26.4,48.5,31,"Less than $15,000","(47.06652897200047, -109.42442064499971)",1
2013,Montana,25.6,43.1,23.4,"$15,000 - $24,999","(47.06652897200047, -109.42442064499971)",2
2013,Montana,22.6,35.9,19.2,"$25,000 - $34,999","(47.06652897200047, -109.42442064499971)",3
2013,Montana,27.8,35.7,18,"$35,000 - $49,999","(47.06652897200047, -109.42442064499971)",4
2013,Montana,25.1,36.7,17.3,"$50,000 - $74,999","(47.06652897200047, -109.42442064499971)",5
2013,Montana,22.5,34.1,15.4,"$75,000 or greater","(47.06652897200047, -109.42442064499971)",6
2015,Montana,28.6,43.6,29.5,"Less than $15,000","(47.06652897200047, -109.42442064499971)",1
2015,Montana,26.9,49.6,21.4,"$15,000 - $24,999","(47.06652897200047, -109.42442064499971)",2
2015,Montana,24.9,40.3,21.9,"$25,000 - $34,999","(47.06652897200047, -109.42442064499971)",3
2015,Montana,25.1,42.3,21.4,"$35,000 - $49,999","(47.06652897200047, -109.42442064499971)",4
2015,Montana,24.2,36.3,15,"$50,000 - $74,999","(47.06652897200047, -109.42442064499971)",5
2015,Montana,19.8,32.5,12.2,"$75,000 or greater","(47.06652897200047, -109.42442064499971)",6
2011,Nebraska,29.2,44.7,37.6,"Less than $15,000","(41.6410409880005, -99.36572062299967)",1
2011,Nebraska,30.4,44.3,31.7,"$15,000 - $24,999","(41.6410409880005, -99.36572062299967)",2
2011,Nebraska,30.3,43.2,28.1,"$25,000 - $34,999","(41.6410409880005, -99.36572062299967)",3
2011,Nebraska,32.6,40.9,26.9,"$35,000 - $49,999","(41.6410409880005, -99.36572062299967)",4
2011,Nebraska,30.5,38.7,20.6,"$50,000 - $74,999","(41.6410409880005, -99.36572062299967)",5
2011,Nebraska,25.1,34.4,19.2,"$75,000 or greater","(41.6410409880005, -99.36572062299967)",6
2013,Nebraska,29.9,50.9,33,"Less than $15,000","(41.6410409880005, -99.36572062299967)",1
2013,Nebraska,31.6,45.4,28.3,"$15,000 - $24,999","(41.6410409880005, -99.36572062299967)",2
2013,Nebraska,30.8,40.6,24.9,"$25,000 - $34,999","(41.6410409880005, -99.36572062299967)",3
2013,Nebraska,32.1,40,22.5,"$35,000 - $49,999","(41.6410409880005, -99.36572062299967)",4
2013,Nebraska,30.5,37.1,18.9,"$50,000 - $74,999","(41.6410409880005, -99.36572062299967)",5
2013,Nebraska,26.3,34.1,17.5,"$75,000 or greater","(41.6410409880005, -99.36572062299967)",6
2015,Nebraska,32.8,48.5,35.9,"Less than $15,000","(41.6410409880005, -99.36572062299967)",1
2015,Nebraska,34.5,42.2,27.1,"$15,000 - $24,999","(41.6410409880005, -99.36572062299967)",2
2015,Nebraska,36.5,43.4,28.9,"$25,000 - $34,999","(41.6410409880005, -99.36572062299967)",3
2015,Nebraska,33.3,41.4,25.2,"$35,000 - $49,999","(41.6410409880005, -99.36572062299967)",4
2015,Nebraska,33.1,42.3,23.7,"$50,000 - $74,999","(41.6410409880005, -99.36572062299967)",5
2015,Nebraska,27.9,36.2,16.8,"$75,000 or greater","(41.6410409880005, -99.36572062299967)",6
2011,Nevada,24.6,37.9,26.2,"Less than $15,000","(39.493240390000494, -117.07184056399967)",1
2011,Nevada,24.2,41.4,30.1,"$15,000 - $24,999","(39.493240390000494, -117.07184056399967)",2
2011,Nevada,25.4,36,24.4,"$25,000 - $34,999","(39.493240390000494, -117.07184056399967)",3
2011,Nevada,24,41.6,27.4,"$35,000 - $49,999","(39.493240390000494, -117.07184056399967)",4
2011,Nevada,29.7,32.3,19.6,"$50,000 - $74,999","(39.493240390000494, -117.07184056399967)",5
2011,Nevada,22.3,32.5,16.2,"$75,000 or greater","(39.493240390000494, -117.07184056399967)",6
2013,Nevada,26.5,47.6,33.8,"Less than $15,000","(39.493240390000494, -117.07184056399967)",1
2013,Nevada,25.1,39.1,22.3,"$15,000 - $24,999","(39.493240390000494, -117.07184056399967)",2
2013,Nevada,30.8,36.2,20,"$25,000 - $34,999","(39.493240390000494, -117.07184056399967)",3
2013,Nevada,29.4,36.6,17.5,"$35,000 - $49,999","(39.493240390000494, -117.07184056399967)",4
2013,Nevada,21,34.5,22.3,"$50,000 - $74,999","(39.493240390000494, -117.07184056399967)",5
2013,Nevada,26.7,32.1,14.3,"$75,000 or greater","(39.493240390000494, -117.07184056399967)",6
2015,Nevada,33.3,34.5,29.4,"Less than $15,000","(39.493240390000494, -117.07184056399967)",1
2015,Nevada,25.7,33.7,24.8,"$15,000 - $24,999","(39.493240390000494, -117.07184056399967)",2
2015,Nevada,31.9,40.3,21.8,"$25,000 - $34,999","(39.493240390000494, -117.07184056399967)",3
2015,Nevada,28.7,37.4,16.2,"$35,000 - $49,999","(39.493240390000494, -117.07184056399967)",4
2015,Nevada,30,40.5,16.1,"$50,000 - $74,999","(39.493240390000494, -117.07184056399967)",5
2015,Nevada,25,34.8,11.7,"$75,000 or greater","(39.493240390000494, -117.07184056399967)",6
2011,New Hampshire,30.9,38.3,24.3,"Less than $15,000","(43.65595011300047, -71.50036091999965)",1
2011,New Hampshire,29.1,38.8,27,"$15,000 - $24,999","(43.65595011300047, -71.50036091999965)",2
2011,New Hampshire,24.2,34.6,22.5,"$25,000 - $34,999","(43.65595011300047, -71.50036091999965)",3
2011,New Hampshire,26.7,29.4,19.6,"$35,000 - $49,999","(43.65595011300047, -71.50036091999965)",4
2011,New Hampshire,28.6,30.1,14.5,"$50,000 - $74,999","(43.65595011300047, -71.50036091999965)",5
2011,New Hampshire,24.3,24.7,10.5,"$75,000 or greater","(43.65595011300047, -71.50036091999965)",6
2013,New Hampshire,35.9,44.5,29.3,"Less than $15,000","(43.65595011300047, -71.50036091999965)",1
2013,New Hampshire,29.5,38.7,24.4,"$15,000 - $24,999","(43.65595011300047, -71.50036091999965)",2
2013,New Hampshire,29.5,36.1,21.8,"$25,000 - $34,999","(43.65595011300047, -71.50036091999965)",3
2013,New Hampshire,28.7,35.3,19.8,"$35,000 - $49,999","(43.65595011300047, -71.50036091999965)",4
2013,New Hampshire,29.5,35.1,15,"$50,000 - $74,999","(43.65595011300047, -71.50036091999965)",5
2013,New Hampshire,23.3,28.6,9.8,"$75,000 or greater","(43.65595011300047, -71.50036091999965)",6
2015,New Hampshire,40.2,48.1,27,"Less than $15,000","(43.65595011300047, -71.50036091999965)",1
2015,New Hampshire,29.7,39.7,25.1,"$15,000 - $24,999","(43.65595011300047, -71.50036091999965)",2
2015,New Hampshire,27.2,36.4,19.7,"$25,000 - $34,999","(43.65595011300047, -71.50036091999965)",3
2015,New Hampshire,29.9,29.7,17.7,"$35,000 - $49,999","(43.65595011300047, -71.50036091999965)",4
2015,New Hampshire,30.2,36.1,16,"$50,000 - $74,999","(43.65595011300047, -71.50036091999965)",5
2015,New Hampshire,22.8,29.9,12.6,"$75,000 or greater","(43.65595011300047, -71.50036091999965)",6
2011,New Jersey,28.5,43.1,31.7,"Less than $15,000","(40.13057004800049, -74.27369128799967)",1
2011,New Jersey,30.4,37.8,29.4,"$15,000 - $24,999","(40.13057004800049, -74.27369128799967)",2
2011,New Jersey,26.6,32.8,24.8,"$25,000 - $34,999","(40.13057004800049, -74.27369128799967)",3
2011,New Jersey,26.1,34.5,23.2,"$35,000 - $49,999","(40.13057004800049, -74.27369128799967)",4
2011,New Jersey,23.4,35.6,22,"$50,000 - $74,999","(40.13057004800049, -74.27369128799967)",5
2011,New Jersey,21,31.3,16.4,"$75,000 or greater","(40.13057004800049, -74.27369128799967)",6
2013,New Jersey,32.6,41.4,34.7,"Less than $15,000","(40.13057004800049, -74.27369128799967)",1
2013,New Jersey,27.6,38.4,26.5,"$15,000 - $24,999","(40.13057004800049, -74.27369128799967)",2
2013,New Jersey,27.1,38.9,24.7,"$25,000 - $34,999","(40.13057004800049, -74.27369128799967)",3
2013,New Jersey,31.6,34.8,20.9,"$35,000 - $49,999","(40.13057004800049, -74.27369128799967)",4
2013,New Jersey,28,33.9,19.8,"$50,000 - $74,999","(40.13057004800049, -74.27369128799967)",5
2013,New Jersey,24.3,33,16.7,"$75,000 or greater","(40.13057004800049, -74.27369128799967)",6
2015,New Jersey,30.9,44,23.1,"Less than $15,000","(40.13057004800049, -74.27369128799967)",1
2015,New Jersey,31.5,41.3,29,"$15,000 - $24,999","(40.13057004800049, -74.27369128799967)",2
2015,New Jersey,32,40.6,27.4,"$25,000 - $34,999","(40.13057004800049, -74.27369128799967)",3
2015,New Jersey,27,34.4,22.7,"$35,000 - $49,999","(40.13057004800049, -74.27369128799967)",4
2015,New Jersey,26.4,33.6,24.6,"$50,000 - $74,999","(40.13057004800049, -74.27369128799967)",5
2015,New Jersey,22.9,34.1,16.3,"$75,000 or greater","(40.13057004800049, -74.27369128799967)",6
2011,New Mexico,31.3,45,30,"Less than $15,000","(34.52088095200048, -106.24058098499967)",1
2011,New Mexico,29.6,43.9,25.5,"$15,000 - $24,999","(34.52088095200048, -106.24058098499967)",2
2011,New Mexico,24.2,36.8,22.8,"$25,000 - $34,999","(34.52088095200048, -106.24058098499967)",3
2011,New Mexico,27.2,34.2,16.2,"$35,000 - $49,999","(34.52088095200048, -106.24058098499967)",4
2011,New Mexico,27.7,34.2,18,"$50,000 - $74,999","(34.52088095200048, -106.24058098499967)",5
2011,New Mexico,22,30.5,13.1,"$75,000 or greater","(34.52088095200048, -106.24058098499967)",6
2013,New Mexico,29.3,46.4,30.2,"Less than $15,000","(34.52088095200048, -106.24058098499967)",1
2013,New Mexico,29.5,41.3,26.4,"$15,000 - $24,999","(34.52088095200048, -106.24058098499967)",2
2013,New Mexico,27.5,37,23.3,"$25,000 - $34,999","(34.52088095200048, -106.24058098499967)",3
2013,New Mexico,26.9,41,22.6,"$35,000 - $49,999","(34.52088095200048, -106.24058098499967)",4
2013,New Mexico,27.3,36.5,15.1,"$50,000 - $74,999","(34.52088095200048, -106.24058098499967)",5
2013,New Mexico,21.6,34,13.9,"$75,000 or greater","(34.52088095200048, -106.24058098499967)",6
2015,New Mexico,31.5,46,31.9,"Less than $15,000","(34.52088095200048, -106.24058098499967)",1
2015,New Mexico,33.5,44.9,22.7,"$15,000 - $24,999","(34.52088095200048, -106.24058098499967)",2
2015,New Mexico,33.2,45.5,25.4,"$25,000 - $34,999","(34.52088095200048, -106.24058098499967)",3
2015,New Mexico,26.6,40.9,19.1,"$35,000 - $49,999","(34.52088095200048, -106.24058098499967)",4
2015,New Mexico,31.3,38,15.6,"$50,000 - $74,999","(34.52088095200048, -106.24058098499967)",5
2015,New Mexico,22.8,38.9,16.1,"$75,000 or greater","(34.52088095200048, -106.24058098499967)",6
2011,New York,27.3,41.7,33.6,"Less than $15,000","(42.82700103200045, -75.54397042699964)",1
2011,New York,26.5,39.3,27.2,"$15,000 - $24,999","(42.82700103200045, -75.54397042699964)",2
2011,New York,26,31.6,22.3,"$25,000 - $34,999","(42.82700103200045, -75.54397042699964)",3
2011,New York,28.5,33.3,22.3,"$35,000 - $49,999","(42.82700103200045, -75.54397042699964)",4
2011,New York,26.8,30.8,22.2,"$50,000 - $74,999","(42.82700103200045, -75.54397042699964)",5
2011,New York,20.1,31.1,16.7,"$75,000 or greater","(42.82700103200045, -75.54397042699964)",6
2013,New York,29.1,44.8,30.9,"Less than $15,000","(42.82700103200045, -75.54397042699964)",1
2013,New York,34.1,36.6,26.3,"$15,000 - $24,999","(42.82700103200045, -75.54397042699964)",2
2013,New York,25.6,32.9,22.3,"$25,000 - $34,999","(42.82700103200045, -75.54397042699964)",3
2013,New York,26.8,30.3,20.6,"$35,000 - $49,999","(42.82700103200045, -75.54397042699964)",4
2013,New York,24.6,32.1,16.9,"$50,000 - $74,999","(42.82700103200045, -75.54397042699964)",5
2013,New York,21.1,30.6,15.2,"$75,000 or greater","(42.82700103200045, -75.54397042699964)",6
2015,New York,35.1,40.5,32.8,"Less than $15,000","(42.82700103200045, -75.54397042699964)",1
2015,New York,28.7,43.7,28.4,"$15,000 - $24,999","(42.82700103200045, -75.54397042699964)",2
2015,New York,26.4,37,24.8,"$25,000 - $34,999","(42.82700103200045, -75.54397042699964)",3
2015,New York,25,39.4,22.3,"$35,000 - $49,999","(42.82700103200045, -75.54397042699964)",4
2015,New York,25.4,37.6,19.6,"$50,000 - $74,999","(42.82700103200045, -75.54397042699964)",5
2015,New York,21.5,33.2,15.3,"$75,000 or greater","(42.82700103200045, -75.54397042699964)",6
2011,North Carolina,34.8,51.2,30,"Less than $15,000","(35.466220975000454, -79.15925046299964)",1
2011,North Carolina,31.8,42.9,26,"$15,000 - $24,999","(35.466220975000454, -79.15925046299964)",2
2011,North Carolina,33.3,44.1,26.2,"$25,000 - $34,999","(35.466220975000454, -79.15925046299964)",3
2011,North Carolina,30,39.4,19.7,"$35,000 - $49,999","(35.466220975000454, -79.15925046299964)",4
2011,North Carolina,27.9,39.4,15.5,"$50,000 - $74,999","(35.466220975000454, -79.15925046299964)",5
2011,North Carolina,24.5,32.8,12.9,"$75,000 or greater","(35.466220975000454, -79.15925046299964)",6
2013,North Carolina,36.5,50.4,32.7,"Less than $15,000","(35.466220975000454, -79.15925046299964)",1
2013,North Carolina,33.2,42.3,24.2,"$15,000 - $24,999","(35.466220975000454, -79.15925046299964)",2
2013,North Carolina,31,44.1,21.9,"$25,000 - $34,999","(35.466220975000454, -79.15925046299964)",3
2013,North Carolina,32.9,43.6,21.7,"$35,000 - $49,999","(35.466220975000454, -79.15925046299964)",4
2013,North Carolina,25.5,40.4,16.3,"$50,000 - $74,999","(35.466220975000454, -79.15925046299964)",5
2013,North Carolina,25.7,37.5,14.9,"$75,000 or greater","(35.466220975000454, -79.15925046299964)",6
2015,North Carolina,34.8,51.4,30.7,"Less than $15,000","(35.466220975000454, -79.15925046299964)",1
2015,North Carolina,35.6,45.6,26.2,"$15,000 - $24,999","(35.466220975000454, -79.15925046299964)",2
2015,North Carolina,37.3,42.4,22.1,"$25,000 - $34,999","(35.466220975000454, -79.15925046299964)",3
2015,North Carolina,30,46.4,24.3,"$35,000 - $49,999","(35.466220975000454, -79.15925046299964)",4
2015,North Carolina,28.7,45.2,16.8,"$50,000 - $74,999","(35.466220975000454, -79.15925046299964)",5
2015,North Carolina,23.6,37.3,12.5,"$75,000 or greater","(35.466220975000454, -79.15925046299964)",6
2011,North Dakota,33,41.8,36.7,"Less than $15,000","(47.47531977900047, -100.11842104899966)",1
2011,North Dakota,26.6,41,30.9,"$15,000 - $24,999","(47.47531977900047, -100.11842104899966)",2
2011,North Dakota,28.7,34.1,26,"$25,000 - $34,999","(47.47531977900047, -100.11842104899966)",3
2011,North Dakota,32.6,41.6,27.3,"$35,000 - $49,999","(47.47531977900047, -100.11842104899966)",4
2011,North Dakota,29,40.6,24.4,"$50,000 - $74,999","(47.47531977900047, -100.11842104899966)",5
2011,North Dakota,27,35.9,20,"$75,000 or greater","(47.47531977900047, -100.11842104899966)",6
2013,North Dakota,30.1,45,35.5,"Less than $15,000","(47.47531977900047, -100.11842104899966)",1
2013,North Dakota,36.6,42.1,31.1,"$15,000 - $24,999","(47.47531977900047, -100.11842104899966)",2
2013,North Dakota,35.1,46.7,28.9,"$25,000 - $34,999","(47.47531977900047, -100.11842104899966)",3
2013,North Dakota,30.5,37.7,26.3,"$35,000 - $49,999","(47.47531977900047, -100.11842104899966)",4
2013,North Dakota,30.2,36.3,24.6,"$50,000 - $74,999","(47.47531977900047, -100.11842104899966)",5
2013,North Dakota,28.5,40.3,22.6,"$75,000 or greater","(47.47531977900047, -100.11842104899966)",6
2015,North Dakota,34.2,42,40.2,"Less than $15,000","(47.47531977900047, -100.11842104899966)",1
2015,North Dakota,35,49.2,37.8,"$15,000 - $24,999","(47.47531977900047, -100.11842104899966)",2
2015,North Dakota,34.7,44.4,29.1,"$25,000 - $34,999","(47.47531977900047, -100.11842104899966)",3
2015,North Dakota,30.3,40.9,29.6,"$35,000 - $49,999","(47.47531977900047, -100.11842104899966)",4
2015,North Dakota,30.7,37,23.4,"$50,000 - $74,999","(47.47531977900047, -100.11842104899966)",5
2015,North Dakota,31.2,37.9,21.2,"$75,000 or greater","(47.47531977900047, -100.11842104899966)",6
2011,Ohio,32.8,47.3,40.2,"Less than $15,000","(40.06021014100048, -82.40426005599966)",1
2011,Ohio,31.4,44.2,31.8,"$15,000 - $24,999","(40.06021014100048, -82.40426005599966)",2
2011,Ohio,33,42,27.1,"$25,000 - $34,999","(40.06021014100048, -82.40426005599966)",3
2011,Ohio,34.8,41.8,22.9,"$35,000 - $49,999","(40.06021014100048, -82.40426005599966)",4
2011,Ohio,32.4,37.3,19.6,"$50,000 - $74,999","(40.06021014100048, -82.40426005599966)",5
2011,Ohio,24,33.9,17.9,"$75,000 or greater","(40.06021014100048, -82.40426005599966)",6
2013,Ohio,35.6,52.8,40.5,"Less than $15,000","(40.06021014100048, -82.40426005599966)",1
2013,Ohio,35.8,43.9,33.6,"$15,000 - $24,999","(40.06021014100048, -82.40426005599966)",2
2013,Ohio,28.8,41.3,26.4,"$25,000 - $34,999","(40.06021014100048, -82.40426005599966)",3
2013,Ohio,32.6,42.4,26.4,"$35,000 - $49,999","(40.06021014100048, -82.40426005599966)",4
2013,Ohio,30.9,36.7,19,"$50,000 - $74,999","(40.06021014100048, -82.40426005599966)",5
2013,Ohio,26.1,36.8,17.9,"$75,000 or greater","(40.06021014100048, -82.40426005599966)",6
2015,Ohio,30.4,51.8,36.2,"Less than $15,000","(40.06021014100048, -82.40426005599966)",1
2015,Ohio,32.8,48.9,34.2,"$15,000 - $24,999","(40.06021014100048, -82.40426005599966)",2
2015,Ohio,31.9,45.8,25.7,"$25,000 - $34,999","(40.06021014100048, -82.40426005599966)",3
2015,Ohio,32.5,46.6,25,"$35,000 - $49,999","(40.06021014100048, -82.40426005599966)",4
2015,Ohio,32.3,40.7,22.8,"$50,000 - $74,999","(40.06021014100048, -82.40426005599966)",5
2015,Ohio,25.1,36.5,15.3,"$75,000 or greater","(40.06021014100048, -82.40426005599966)",6
2011,Oklahoma,33.2,57.7,37.5,"Less than $15,000","(35.47203135600046, -97.52107021399968)",1
2011,Oklahoma,35.8,52.8,31,"$15,000 - $24,999","(35.47203135600046, -97.52107021399968)",2
2011,Oklahoma,29.4,49.6,25.7,"$25,000 - $34,999","(35.47203135600046, -97.52107021399968)",3
2011,Oklahoma,36.2,53.5,25.8,"$35,000 - $49,999","(35.47203135600046, -97.52107021399968)",4
2011,Oklahoma,32.5,45.7,21.1,"$50,000 - $74,999","(35.47203135600046, -97.52107021399968)",5
2011,Oklahoma,25.8,45.4,19.1,"$75,000 or greater","(35.47203135600046, -97.52107021399968)",6
2013,Oklahoma,36.4,55.3,36.9,"Less than $15,000","(35.47203135600046, -97.52107021399968)",1
2013,Oklahoma,34.6,53.6,31.6,"$15,000 - $24,999","(35.47203135600046, -97.52107021399968)",2
2013,Oklahoma,31.9,49.1,26,"$25,000 - $34,999","(35.47203135600046, -97.52107021399968)",3
2013,Oklahoma,32,50.4,21,"$35,000 - $49,999","(35.47203135600046, -97.52107021399968)",4
2013,Oklahoma,34.3,46.5,18.8,"$50,000 - $74,999","(35.47203135600046, -97.52107021399968)",5
2013,Oklahoma,31.3,46,18.6,"$75,000 or greater","(35.47203135600046, -97.52107021399968)",6
2015,Oklahoma,37.5,60.4,33.7,"Less than $15,000","(35.47203135600046, -97.52107021399968)",1
2015,Oklahoma,38.1,53.6,29.9,"$15,000 - $24,999","(35.47203135600046, -97.52107021399968)",2
2015,Oklahoma,31.9,52.2,31,"$25,000 - $34,999","(35.47203135600046, -97.52107021399968)",3
2015,Oklahoma,38.7,49.7,26.1,"$35,000 - $49,999","(35.47203135600046, -97.52107021399968)",4
2015,Oklahoma,33.6,47.8,20.7,"$50,000 - $74,999","(35.47203135600046, -97.52107021399968)",5
2015,Oklahoma,30.8,45.2,15.4,"$75,000 or greater","(35.47203135600046, -97.52107021399968)",6
2011,Oregon,30.7,41.8,24,"Less than $15,000","(44.56744942400047, -120.15503132599969)",1
2011,Oregon,29.6,35.8,19.2,"$15,000 - $24,999","(44.56744942400047, -120.15503132599969)",2
2011,Oregon,29.8,37.6,13.4,"$25,000 - $34,999","(44.56744942400047, -120.15503132599969)",3
2011,Oregon,28.9,28,11.9,"$35,000 - $49,999","(44.56744942400047, -120.15503132599969)",4
2011,Oregon,24.4,31.5,12.3,"$50,000 - $74,999","(44.56744942400047, -120.15503132599969)",5
2011,Oregon,22.9,23,9.4,"$75,000 or greater","(44.56744942400047, -120.15503132599969)",6
2013,Oregon,28.4,40.3,29.9,"Less than $15,000","(44.56744942400047, -120.15503132599969)",1
2013,Oregon,30.1,39.2,19.3,"$15,000 - $24,999","(44.56744942400047, -120.15503132599969)",2
2013,Oregon,27.7,34.8,19.1,"$25,000 - $34,999","(44.56744942400047, -120.15503132599969)",3
2013,Oregon,25.2,28.9,10.7,"$35,000 - $49,999","(44.56744942400047, -120.15503132599969)",4
2013,Oregon,29,31.7,12.4,"$50,000 - $74,999","(44.56744942400047, -120.15503132599969)",5
2013,Oregon,23.1,28.2,10.8,"$75,000 or greater","(44.56744942400047, -120.15503132599969)",6
2015,Oregon,38.2,48.8,29.4,"Less than $15,000","(44.56744942400047, -120.15503132599969)",1
2015,Oregon,33.9,42.6,21,"$15,000 - $24,999","(44.56744942400047, -120.15503132599969)",2
2015,Oregon,34.6,38.4,15.7,"$25,000 - $34,999","(44.56744942400047, -120.15503132599969)",3
2015,Oregon,32.4,34.9,16.6,"$35,000 - $49,999","(44.56744942400047, -120.15503132599969)",4
2015,Oregon,30.5,35.7,12.5,"$50,000 - $74,999","(44.56744942400047, -120.15503132599969)",5
2015,Oregon,25.7,30.9,10,"$75,000 or greater","(44.56744942400047, -120.15503132599969)",6
2011,Pennsylvania,33.8,44.4,33.8,"Less than $15,000","(40.79373015200048, -77.86070029399963)",1
2011,Pennsylvania,30.3,39.2,28.9,"$15,000 - $24,999","(40.79373015200048, -77.86070029399963)",2
2011,Pennsylvania,29.5,37.4,24.6,"$25,000 - $34,999","(40.79373015200048, -77.86070029399963)",3
2011,Pennsylvania,30.7,38.2,24.3,"$35,000 - $49,999","(40.79373015200048, -77.86070029399963)",4
2011,Pennsylvania,29.9,35.2,20.5,"$50,000 - $74,999","(40.79373015200048, -77.86070029399963)",5
2011,Pennsylvania,25,28.6,15.4,"$75,000 or greater","(40.79373015200048, -77.86070029399963)",6
2013,Pennsylvania,34,47.3,38.7,"Less than $15,000","(40.79373015200048, -77.86070029399963)",1
2013,Pennsylvania,32.3,43.6,30.9,"$15,000 - $24,999","(40.79373015200048, -77.86070029399963)",2
2013,Pennsylvania,33.8,38.5,28.6,"$25,000 - $34,999","(40.79373015200048, -77.86070029399963)",3
2013,Pennsylvania,32.6,37.7,23.2,"$35,000 - $49,999","(40.79373015200048, -77.86070029399963)",4
2013,Pennsylvania,31.4,35.2,23.3,"$50,000 - $74,999","(40.79373015200048, -77.86070029399963)",5
2013,Pennsylvania,26,31.8,14.3,"$75,000 or greater","(40.79373015200048, -77.86070029399963)",6
2015,Pennsylvania,36.8,35.1,50.6,"Less than $15,000","(40.79373015200048, -77.86070029399963)",1
2015,Pennsylvania,36.2,34.2,41.8,"$15,000 - $24,999","(40.79373015200048, -77.86070029399963)",2
2015,Pennsylvania,33.2,27.2,35.2,"$25,000 - $34,999","(40.79373015200048, -77.86070029399963)",3
2015,Pennsylvania,33.6,22,37,"$35,000 - $49,999","(40.79373015200048, -77.86070029399963)",4
2015,Pennsylvania,33.2,21.9,42.9,"$50,000 - $74,999","(40.79373015200048, -77.86070029399963)",5
2015,Pennsylvania,24.5,17.7,34,"$75,000 or greater","(40.79373015200048, -77.86070029399963)",6
2011,Rhode Island,33,39.8,28,"Less than $15,000","(41.70828019300046, -71.52247031399963)",1
2011,Rhode Island,24.1,34.2,26,"$15,000 - $24,999","(41.70828019300046, -71.52247031399963)",2
2011,Rhode Island,25.7,34.2,22,"$25,000 - $34,999","(41.70828019300046, -71.52247031399963)",3
2011,Rhode Island,26.2,34.7,25.5,"$35,000 - $49,999","(41.70828019300046, -71.52247031399963)",4
2011,Rhode Island,25.9,30.9,15.7,"$50,000 - $74,999","(41.70828019300046, -71.52247031399963)",5
2011,Rhode Island,24,26.1,12.1,"$75,000 or greater","(41.70828019300046, -71.52247031399963)",6
2013,Rhode Island,32,45,31.1,"Less than $15,000","(41.70828019300046, -71.52247031399963)",1
2013,Rhode Island,29.2,38,26.6,"$15,000 - $24,999","(41.70828019300046, -71.52247031399963)",2
2013,Rhode Island,36.1,35,21.4,"$25,000 - $34,999","(41.70828019300046, -71.52247031399963)",3
2013,Rhode Island,28.8,35,21,"$35,000 - $49,999","(41.70828019300046, -71.52247031399963)",4
2013,Rhode Island,27.6,32.9,20.8,"$50,000 - $74,999","(41.70828019300046, -71.52247031399963)",5
2013,Rhode Island,23.5,32,13.8,"$75,000 or greater","(41.70828019300046, -71.52247031399963)",6
2015,Rhode Island,36,46.5,33.2,"Less than $15,000","(41.70828019300046, -71.52247031399963)",1
2015,Rhode Island,29.1,41.3,30.4,"$15,000 - $24,999","(41.70828019300046, -71.52247031399963)",2
2015,Rhode Island,33.8,42.1,29,"$25,000 - $34,999","(41.70828019300046, -71.52247031399963)",3
2015,Rhode Island,26.7,39.3,24.1,"$35,000 - $49,999","(41.70828019300046, -71.52247031399963)",4
2015,Rhode Island,28.3,35.8,23.8,"$50,000 - $74,999","(41.70828019300046, -71.52247031399963)",5
2015,Rhode Island,23,31.4,12.5,"$75,000 or greater","(41.70828019300046, -71.52247031399963)",6
2011,South Carolina,36.4,51.1,41.2,"Less than $15,000","(33.998821303000454, -81.04537120699968)",1
2011,South Carolina,35.8,47.1,32.9,"$15,000 - $24,999","(33.998821303000454, -81.04537120699968)",2
2011,South Carolina,32.1,43.5,25.5,"$25,000 - $34,999","(33.998821303000454, -81.04537120699968)",3
2011,South Carolina,34.2,48.2,25.6,"$35,000 - $49,999","(33.998821303000454, -81.04537120699968)",4
2011,South Carolina,30.5,39,19.6,"$50,000 - $74,999","(33.998821303000454, -81.04537120699968)",5
2011,South Carolina,24.1,38.6,15.5,"$75,000 or greater","(33.998821303000454, -81.04537120699968)",6
2013,South Carolina,37.7,53.7,37.5,"Less than $15,000","(33.998821303000454, -81.04537120699968)",1
2013,South Carolina,36.1,46,33.6,"$15,000 - $24,999","(33.998821303000454, -81.04537120699968)",2
2013,South Carolina,33.8,45.9,28.3,"$25,000 - $34,999","(33.998821303000454, -81.04537120699968)",3
2013,South Carolina,32,45.1,23.1,"$35,000 - $49,999","(33.998821303000454, -81.04537120699968)",4
2013,South Carolina,31.1,45.5,19.5,"$50,000 - $74,999","(33.998821303000454, -81.04537120699968)",5
2013,South Carolina,27.8,39.5,14.9,"$75,000 or greater","(33.998821303000454, -81.04537120699968)",6
2015,South Carolina,40,48.9,37.8,"Less than $15,000","(33.998821303000454, -81.04537120699968)",1
2015,South Carolina,34.1,49.9,32.1,"$15,000 - $24,999","(33.998821303000454, -81.04537120699968)",2
2015,South Carolina,32.5,48.8,29.8,"$25,000 - $34,999","(33.998821303000454, -81.04537120699968)",3
2015,South Carolina,33,51.4,24.3,"$35,000 - $49,999","(33.998821303000454, -81.04537120699968)",4
2015,South Carolina,32.1,46.9,19,"$50,000 - $74,999","(33.998821303000454, -81.04537120699968)",5
2015,South Carolina,28.2,41.1,14.4,"$75,000 or greater","(33.998821303000454, -81.04537120699968)",6
2011,South Dakota,31.8,44.9,40.2,"Less than $15,000","(44.353130053000484, -100.3735306369997)",1
2011,South Dakota,33.8,38.9,28.6,"$15,000 - $24,999","(44.353130053000484, -100.3735306369997)",2
2011,South Dakota,28.3,47.7,28.5,"$25,000 - $34,999","(44.353130053000484, -100.3735306369997)",3
2011,South Dakota,27.5,40.2,25.1,"$35,000 - $49,999","(44.353130053000484, -100.3735306369997)",4
2011,South Dakota,28.4,40.2,23.8,"$50,000 - $74,999","(44.353130053000484, -100.3735306369997)",5
2011,South Dakota,25.6,34.9,19.3,"$75,000 or greater","(44.353130053000484, -100.3735306369997)",6
2013,South Dakota,31.7,48.6,34.8,"Less than $15,000","(44.353130053000484, -100.3735306369997)",1
2013,South Dakota,30.7,37.9,29.9,"$15,000 - $24,999","(44.353130053000484, -100.3735306369997)",2
2013,South Dakota,28.8,50.5,23.7,"$25,000 - $34,999","(44.353130053000484, -100.3735306369997)",3
2013,South Dakota,25.2,36.3,23.3,"$35,000 - $49,999","(44.353130053000484, -100.3735306369997)",4
2013,South Dakota,34.2,38.1,24.7,"$50,000 - $74,999","(44.353130053000484, -100.3735306369997)",5
2013,South Dakota,29.5,36.1,18.7,"$75,000 or greater","(44.353130053000484, -100.3735306369997)",6
2015,South Dakota,35.7,52.3,34.1,"Less than $15,000","(44.353130053000484, -100.3735306369997)",1
2015,South Dakota,32.3,46.3,35.2,"$15,000 - $24,999","(44.353130053000484, -100.3735306369997)",2
2015,South Dakota,34.8,50.6,29.3,"$25,000 - $34,999","(44.353130053000484, -100.3735306369997)",3
2015,South Dakota,33.4,41.2,20.1,"$35,000 - $49,999","(44.353130053000484, -100.3735306369997)",4
2015,South Dakota,32.6,44.2,24.8,"$50,000 - $74,999","(44.353130053000484, -100.3735306369997)",5
2015,South Dakota,28.4,38.8,21.5,"$75,000 or greater","(44.353130053000484, -100.3735306369997)",6
2011,Tennessee,36.5,54.9,40.6,"Less than $15,000","(35.68094058000048, -85.77449091399967)",1
2011,Tennessee,33.2,47.3,28.7,"$15,000 - $24,999","(35.68094058000048, -85.77449091399967)",2
2011,Tennessee,29.4,43.5,32.5,"$25,000 - $34,999","(35.68094058000048, -85.77449091399967)",3
2011,Tennessee,24.1,48.7,20.5,"$35,000 - $49,999","(35.68094058000048, -85.77449091399967)",4
2011,Tennessee,29.7,40.2,16.7,"$50,000 - $74,999","(35.68094058000048, -85.77449091399967)",5
2011,Tennessee,25.3,39.5,17.3,"$75,000 or greater","(35.68094058000048, -85.77449091399967)",6
2013,Tennessee,38,52.9,34.8,"Less than $15,000","(35.68094058000048, -85.77449091399967)",1
2013,Tennessee,36.1,48.5,24.5,"$15,000 - $24,999","(35.68094058000048, -85.77449091399967)",2
2013,Tennessee,35.7,42.3,22.8,"$25,000 - $34,999","(35.68094058000048, -85.77449091399967)",3
2013,Tennessee,39,46.6,20.5,"$35,000 - $49,999","(35.68094058000048, -85.77449091399967)",4
2013,Tennessee,35.8,40.5,19.5,"$50,000 - $74,999","(35.68094058000048, -85.77449091399967)",5
2013,Tennessee,26.3,38.2,17.7,"$75,000 or greater","(35.68094058000048, -85.77449091399967)",6
2015,Tennessee,38.6,51.8,37.4,"Less than $15,000","(35.68094058000048, -85.77449091399967)",1
2015,Tennessee,35.2,44.7,30.7,"$15,000 - $24,999","(35.68094058000048, -85.77449091399967)",2
2015,Tennessee,35.4,51.1,22.3,"$25,000 - $34,999","(35.68094058000048, -85.77449091399967)",3
2015,Tennessee,33.4,39.1,17.7,"$35,000 - $49,999","(35.68094058000048, -85.77449091399967)",4
2015,Tennessee,37.2,44.9,15.9,"$50,000 - $74,999","(35.68094058000048, -85.77449091399967)",5
2015,Tennessee,32.4,43.2,14.2,"$75,000 or greater","(35.68094058000048, -85.77449091399967)",6
2011,Texas,35.8,45.8,27.6,"Less than $15,000","(31.827240407000488, -99.42677020599967)",1
2011,Texas,34.3,43.8,27.5,"$15,000 - $24,999","(31.827240407000488, -99.42677020599967)",2
2011,Texas,30,39.3,22.4,"$25,000 - $34,999","(31.827240407000488, -99.42677020599967)",3
2011,Texas,31.9,40.9,21.8,"$35,000 - $49,999","(31.827240407000488, -99.42677020599967)",4
2011,Texas,33.8,37.9,18.1,"$50,000 - $74,999","(31.827240407000488, -99.42677020599967)",5
2011,Texas,26,35.8,15.4,"$75,000 or greater","(31.827240407000488, -99.42677020599967)",6
2013,Texas,41.1,45.3,31.6,"Less than $15,000","(31.827240407000488, -99.42677020599967)",1
2013,Texas,35.1,45.8,25.5,"$15,000 - $24,999","(31.827240407000488, -99.42677020599967)",2
2013,Texas,31.2,43.7,22.3,"$25,000 - $34,999","(31.827240407000488, -99.42677020599967)",3
2013,Texas,32,39.3,23.1,"$35,000 - $49,999","(31.827240407000488, -99.42677020599967)",4
2013,Texas,31.6,42.8,16.5,"$50,000 - $74,999","(31.827240407000488, -99.42677020599967)",5
2013,Texas,24.7,39.7,13.1,"$75,000 or greater","(31.827240407000488, -99.42677020599967)",6
2015,Texas,41.1,51.8,25.3,"Less than $15,000","(31.827240407000488, -99.42677020599967)",1
2015,Texas,36,42.4,23.4,"$15,000 - $24,999","(31.827240407000488, -99.42677020599967)",2
2015,Texas,35.7,44.6,19.2,"$25,000 - $34,999","(31.827240407000488, -99.42677020599967)",3
2015,Texas,32.3,40.4,15.4,"$35,000 - $49,999","(31.827240407000488, -99.42677020599967)",4
2015,Texas,29.9,42.7,20,"$50,000 - $74,999","(31.827240407000488, -99.42677020599967)",5
2015,Texas,28.3,39.3,15.7,"$75,000 or greater","(31.827240407000488, -99.42677020599967)",6
2011,Utah,28.1,46.5,25.5,"Less than $15,000","(39.360700171000474, -111.58713063499971)",1
2011,Utah,26.6,39.2,24,"$15,000 - $24,999","(39.360700171000474, -111.58713063499971)",2
2011,Utah,26.5,36.5,20.1,"$25,000 - $34,999","(39.360700171000474, -111.58713063499971)",3
2011,Utah,27,35.5,20.5,"$35,000 - $49,999","(39.360700171000474, -111.58713063499971)",4
2011,Utah,26.2,34.9,16.8,"$50,000 - $74,999","(39.360700171000474, -111.58713063499971)",5
2011,Utah,21.8,27.1,14.1,"$75,000 or greater","(39.360700171000474, -111.58713063499971)",6
2013,Utah,26.3,45.1,28.6,"Less than $15,000","(39.360700171000474, -111.58713063499971)",1
2013,Utah,27.1,40,26.2,"$15,000 - $24,999","(39.360700171000474, -111.58713063499971)",2
2013,Utah,26,38,22.8,"$25,000 - $34,999","(39.360700171000474, -111.58713063499971)",3
2013,Utah,27,37.2,19.8,"$35,000 - $49,999","(39.360700171000474, -111.58713063499971)",4
2013,Utah,25.5,34.7,18.2,"$50,000 - $74,999","(39.360700171000474, -111.58713063499971)",5
2013,Utah,22.1,31.5,13.3,"$75,000 or greater","(39.360700171000474, -111.58713063499971)",6
2015,Utah,29.7,44.3,28.8,"Less than $15,000","(39.360700171000474, -111.58713063499971)",1
2015,Utah,26,43.4,24.1,"$15,000 - $24,999","(39.360700171000474, -111.58713063499971)",2
2015,Utah,28.5,41.2,24.5,"$25,000 - $34,999","(39.360700171000474, -111.58713063499971)",3
2015,Utah,27.4,37.7,21.2,"$35,000 - $49,999","(39.360700171000474, -111.58713063499971)",4
2015,Utah,24.9,36.3,19.2,"$50,000 - $74,999","(39.360700171000474, -111.58713063499971)",5
2015,Utah,21.9,32.5,13.4,"$75,000 or greater","(39.360700171000474, -111.58713063499971)",6
2011,Vermont,29.6,42.6,30.5,"Less than $15,000","(43.62538123900049, -72.51764079099962)",1
2011,Vermont,30.7,35,24.9,"$15,000 - $24,999","(43.62538123900049, -72.51764079099962)",2
2011,Vermont,28.6,32.2,17.6,"$25,000 - $34,999","(43.62538123900049, -72.51764079099962)",3
2011,Vermont,26.2,32.9,17.2,"$35,000 - $49,999","(43.62538123900049, -72.51764079099962)",4
2011,Vermont,25.9,27.9,14.1,"$50,000 - $74,999","(43.62538123900049, -72.51764079099962)",5
2011,Vermont,20,24.6,11,"$75,000 or greater","(43.62538123900049, -72.51764079099962)",6
2013,Vermont,28.1,45.1,30.1,"Less than $15,000","(43.62538123900049, -72.51764079099962)",1
2013,Vermont,30.5,40.4,24.1,"$15,000 - $24,999","(43.62538123900049, -72.51764079099962)",2
2013,Vermont,27.6,35.7,16.5,"$25,000 - $34,999","(43.62538123900049, -72.51764079099962)",3
2013,Vermont,25.6,30.5,16.2,"$35,000 - $49,999","(43.62538123900049, -72.51764079099962)",4
2013,Vermont,25.8,30.2,14.1,"$50,000 - $74,999","(43.62538123900049, -72.51764079099962)",5
2013,Vermont,21.2,26.4,9,"$75,000 or greater","(43.62538123900049, -72.51764079099962)",6
2015,Vermont,27.7,46.7,32.7,"Less than $15,000","(43.62538123900049, -72.51764079099962)",1
2015,Vermont,30.9,38,25.8,"$15,000 - $24,999","(43.62538123900049, -72.51764079099962)",2
2015,Vermont,30.6,37.6,18.6,"$25,000 - $34,999","(43.62538123900049, -72.51764079099962)",3
2015,Vermont,27.8,32,19.2,"$35,000 - $49,999","(43.62538123900049, -72.51764079099962)",4
2015,Vermont,27.8,32.8,14.6,"$50,000 - $74,999","(43.62538123900049, -72.51764079099962)",5
2015,Vermont,20.2,28.8,9.3,"$75,000 or greater","(43.62538123900049, -72.51764079099962)",6
2011,Virginia,34.3,44.8,38.7,"Less than $15,000","(37.54268067400045, -78.45789046299967)",1
2011,Virginia,33.6,41,30.8,"$15,000 - $24,999","(37.54268067400045, -78.45789046299967)",2
2011,Virginia,36,44.4,25.9,"$25,000 - $34,999","(37.54268067400045, -78.45789046299967)",3
2011,Virginia,33,40.4,20.4,"$35,000 - $49,999","(37.54268067400045, -78.45789046299967)",4
2011,Virginia,25.2,35,19.6,"$50,000 - $74,999","(37.54268067400045, -78.45789046299967)",5
2011,Virginia,26.1,34.5,13.5,"$75,000 or greater","(37.54268067400045, -78.45789046299967)",6
2013,Virginia,33.4,48.4,34.3,"Less than $15,000","(37.54268067400045, -78.45789046299967)",1
2013,Virginia,32.4,43.9,31.7,"$15,000 - $24,999","(37.54268067400045, -78.45789046299967)",2
2013,Virginia,29.1,39,21.6,"$25,000 - $34,999","(37.54268067400045, -78.45789046299967)",3
2013,Virginia,27.2,41.4,24,"$35,000 - $49,999","(37.54268067400045, -78.45789046299967)",4
2013,Virginia,28.3,33.8,18.2,"$50,000 - $74,999","(37.54268067400045, -78.45789046299967)",5
2013,Virginia,23.5,32.7,12.8,"$75,000 or greater","(37.54268067400045, -78.45789046299967)",6
2015,Virginia,40.4,51,34.4,"Less than $15,000","(37.54268067400045, -78.45789046299967)",1
2015,Virginia,34,47.8,31.2,"$15,000 - $24,999","(37.54268067400045, -78.45789046299967)",2
2015,Virginia,29.2,40.8,25.1,"$25,000 - $34,999","(37.54268067400045, -78.45789046299967)",3
2015,Virginia,32.4,42.3,20.9,"$35,000 - $49,999","(37.54268067400045, -78.45789046299967)",4
2015,Virginia,30.8,35.8,18.9,"$50,000 - $74,999","(37.54268067400045, -78.45789046299967)",5
2015,Virginia,25.2,36.2,15.1,"$75,000 or greater","(37.54268067400045, -78.45789046299967)",6
2011,Washington,28.7,44.5,28.3,"Less than $15,000","(47.52227862900048, -120.47001078999972)",1
2011,Washington,28.6,41.5,26.3,"$15,000 - $24,999","(47.52227862900048, -120.47001078999972)",2
2011,Washington,28.9,35.7,19.2,"$25,000 - $34,999","(47.52227862900048, -120.47001078999972)",3
2011,Washington,30,36.1,16.1,"$35,000 - $49,999","(47.52227862900048, -120.47001078999972)",4
2011,Washington,29.1,31.1,14.6,"$50,000 - $74,999","(47.52227862900048, -120.47001078999972)",5
2011,Washington,22.4,29.2,12.9,"$75,000 or greater","(47.52227862900048, -120.47001078999972)",6
2013,Washington,33.3,45.6,30.6,"Less than $15,000","(47.52227862900048, -120.47001078999972)",1
2013,Washington,32.5,39.4,21.7,"$15,000 - $24,999","(47.52227862900048, -120.47001078999972)",2
2013,Washington,25.8,42.1,20.2,"$25,000 - $34,999","(47.52227862900048, -120.47001078999972)",3
2013,Washington,26.2,33.4,16,"$35,000 - $49,999","(47.52227862900048, -120.47001078999972)",4
2013,Washington,25.9,33.8,15.1,"$50,000 - $74,999","(47.52227862900048, -120.47001078999972)",5
2013,Washington,24.5,32.5,12.5,"$75,000 or greater","(47.52227862900048, -120.47001078999972)",6
2015,Washington,33,39.8,27.8,"Less than $15,000","(47.52227862900048, -120.47001078999972)",1
2015,Washington,29.6,39.9,23.1,"$15,000 - $24,999","(47.52227862900048, -120.47001078999972)",2
2015,Washington,31.4,36.6,18.8,"$25,000 - $34,999","(47.52227862900048, -120.47001078999972)",3
2015,Washington,29.8,39.7,19,"$35,000 - $49,999","(47.52227862900048, -120.47001078999972)",4
2015,Washington,27.4,35.9,14.2,"$50,000 - $74,999","(47.52227862900048, -120.47001078999972)",5
2015,Washington,23,32.6,11.4,"$75,000 or greater","(47.52227862900048, -120.47001078999972)",6
2011,West Virginia,37.1,56.4,34,"Less than $15,000","(38.66551020200046, -80.71264013499967)",1
2011,West Virginia,37.1,49.1,30.4,"$15,000 - $24,999","(38.66551020200046, -80.71264013499967)",2
2011,West Virginia,35.3,46.2,29.6,"$25,000 - $34,999","(38.66551020200046, -80.71264013499967)",3
2011,West Virginia,34.9,45.5,23.5,"$35,000 - $49,999","(38.66551020200046, -80.71264013499967)",4
2011,West Virginia,27.8,45.6,24.1,"$50,000 - $74,999","(38.66551020200046, -80.71264013499967)",5
2011,West Virginia,28.5,39.7,16.3,"$75,000 or greater","(38.66551020200046, -80.71264013499967)",6
2013,West Virginia,34.7,59.8,36,"Less than $15,000","(38.66551020200046, -80.71264013499967)",1
2013,West Virginia,35.3,52.1,26.1,"$15,000 - $24,999","(38.66551020200046, -80.71264013499967)",2
2013,West Virginia,37.2,46.2,23,"$25,000 - $34,999","(38.66551020200046, -80.71264013499967)",3
2013,West Virginia,31.5,41.2,26.2,"$35,000 - $49,999","(38.66551020200046, -80.71264013499967)",4
2013,West Virginia,36.4,38.1,18.5,"$50,000 - $74,999","(38.66551020200046, -80.71264013499967)",5
2013,West Virginia,35.6,37,15.8,"$75,000 or greater","(38.66551020200046, -80.71264013499967)",6
2015,West Virginia,38.1,60.1,35.9,"Less than $15,000","(38.66551020200046, -80.71264013499967)",1
2015,West Virginia,38.9,52.6,32.4,"$15,000 - $24,999","(38.66551020200046, -80.71264013499967)",2
2015,West Virginia,41,46.7,21.9,"$25,000 - $34,999","(38.66551020200046, -80.71264013499967)",3
2015,West Virginia,33.2,51.5,23.2,"$35,000 - $49,999","(38.66551020200046, -80.71264013499967)",4
2015,West Virginia,39.4,45.7,21,"$50,000 - $74,999","(38.66551020200046, -80.71264013499967)",5
2015,West Virginia,33.9,42.7,18,"$75,000 or greater","(38.66551020200046, -80.71264013499967)",6
2011,Wisconsin,37.1,43.8,32.3,"Less than $15,000","(44.39319117400049, -89.81637074199966)",1
2011,Wisconsin,27,43.7,35.9,"$15,000 - $24,999","(44.39319117400049, -89.81637074199966)",2
2011,Wisconsin,33.8,37.4,30.2,"$25,000 - $34,999","(44.39319117400049, -89.81637074199966)",3
2011,Wisconsin,28,34.7,24.6,"$35,000 - $49,999","(44.39319117400049, -89.81637074199966)",4
2011,Wisconsin,25.8,33.2,16.7,"$50,000 - $74,999","(44.39319117400049, -89.81637074199966)",5
2011,Wisconsin,24.1,28,17.6,"$75,000 or greater","(44.39319117400049, -89.81637074199966)",6
2013,Wisconsin,29,50.7,35.4,"Less than $15,000","(44.39319117400049, -89.81637074199966)",1
2013,Wisconsin,31,37.4,30.4,"$15,000 - $24,999","(44.39319117400049, -89.81637074199966)",2
2013,Wisconsin,35.7,40.1,27.5,"$25,000 - $34,999","(44.39319117400049, -89.81637074199966)",3
2013,Wisconsin,29.4,32.9,23.2,"$35,000 - $49,999","(44.39319117400049, -89.81637074199966)",4
2013,Wisconsin,28.8,36.6,23.3,"$50,000 - $74,999","(44.39319117400049, -89.81637074199966)",5
2013,Wisconsin,28.1,36.8,21.1,"$75,000 or greater","(44.39319117400049, -89.81637074199966)",6
2015,Wisconsin,36.4,43.3,32.8,"Less than $15,000","(44.39319117400049, -89.81637074199966)",1
2015,Wisconsin,38.4,41.3,31.1,"$15,000 - $24,999","(44.39319117400049, -89.81637074199966)",2
2015,Wisconsin,30.1,40.8,26.2,"$25,000 - $34,999","(44.39319117400049, -89.81637074199966)",3
2015,Wisconsin,33.6,38.2,22.4,"$35,000 - $49,999","(44.39319117400049, -89.81637074199966)",4
2015,Wisconsin,28.2,39.4,21,"$50,000 - $74,999","(44.39319117400049, -89.81637074199966)",5
2015,Wisconsin,28.5,34.1,19.6,"$75,000 or greater","(44.39319117400049, -89.81637074199966)",6
2011,Wyoming,32.2,43.6,28.2,"Less than $15,000","(43.23554134300048, -108.10983035299967)",1
2011,Wyoming,24.6,40.3,26.4,"$15,000 - $24,999","(43.23554134300048, -108.10983035299967)",2
2011,Wyoming,23.7,34.8,25.2,"$25,000 - $34,999","(43.23554134300048, -108.10983035299967)",3
2011,Wyoming,25.5,42,21.2,"$35,000 - $49,999","(43.23554134300048, -108.10983035299967)",4
2011,Wyoming,24.4,36.6,19.7,"$50,000 - $74,999","(43.23554134300048, -108.10983035299967)",5
2011,Wyoming,24.5,33.9,16.7,"$75,000 or greater","(43.23554134300048, -108.10983035299967)",6
2013,Wyoming,29.6,47.1,24.9,"Less than $15,000","(43.23554134300048, -108.10983035299967)",1
2013,Wyoming,30.4,46.9,27.4,"$15,000 - $24,999","(43.23554134300048, -108.10983035299967)",2
2013,Wyoming,28.9,38.8,20.6,"$25,000 - $34,999","(43.23554134300048, -108.10983035299967)",3
2013,Wyoming,29.1,42.6,20.6,"$35,000 - $49,999","(43.23554134300048, -108.10983035299967)",4
2013,Wyoming,29.3,38.8,18.7,"$50,000 - $74,999","(43.23554134300048, -108.10983035299967)",5
2013,Wyoming,25.8,36.3,14.8,"$75,000 or greater","(43.23554134300048, -108.10983035299967)",6
2015,Wyoming,30.1,39.9,25.9,"Less than $15,000","(43.23554134300048, -108.10983035299967)",1
2015,Wyoming,35.9,45.1,25.9,"$15,000 - $24,999","(43.23554134300048, -108.10983035299967)",2
2015,Wyoming,31.3,48.5,26.6,"$25,000 - $34,999","(43.23554134300048, -108.10983035299967)",3
2015,Wyoming,30.1,41.4,17.9,"$35,000 - $49,999","(43.23554134300048, -108.10983035299967)",4
2015,Wyoming,28.6,42.6,19.7,"$50,000 - $74,999","(43.23554134300048, -108.10983035299967)",5
2015,Wyoming,25.2,39.4,17.3,"$75,000 or greater","(43.23554134300048, -108.10983035299967)",6
